-- phpMyAdmin SQL Dump
-- version 4.6.6deb5
-- https://www.phpmyadmin.net/
--
-- Host: localhost:3306
-- Generation Time: Jan 20, 2020 at 05:12 PM
-- Server version: 5.7.28-0ubuntu0.18.04.4
-- PHP Version: 7.3.13-1+ubuntu18.04.1+deb.sury.org+1

SET SQL_MODE = "NO_AUTO_VALUE_ON_ZERO";
SET time_zone = "+00:00";


/*!40101 SET @OLD_CHARACTER_SET_CLIENT=@@CHARACTER_SET_CLIENT */;
/*!40101 SET @OLD_CHARACTER_SET_RESULTS=@@CHARACTER_SET_RESULTS */;
/*!40101 SET @OLD_COLLATION_CONNECTION=@@COLLATION_CONNECTION */;
/*!40101 SET NAMES utf8mb4 */;

--
-- Database: `tender`
--

-- --------------------------------------------------------

--
-- Table structure for table `categories`
--

CREATE TABLE `categories` (
  `id` int(10) UNSIGNED NOT NULL,
  `name` varchar(191) COLLATE utf8mb4_unicode_ci NOT NULL,
  `created_at` timestamp NULL DEFAULT NULL,
  `updated_at` timestamp NULL DEFAULT NULL
) ENGINE=InnoDB DEFAULT CHARSET=utf8mb4 COLLATE=utf8mb4_unicode_ci;

--
-- Dumping data for table `categories`
--

INSERT INTO `categories` (`id`, `name`, `created_at`, `updated_at`) VALUES
(1, 'construction', '2018-12-30 00:00:00', '2018-12-30 00:00:00'),
(2, 'IT', '2018-12-30 00:00:00', '2018-12-30 00:00:00'),
(3, 'Goods and Services', NULL, NULL);

-- --------------------------------------------------------

--
-- Table structure for table `exponent_push_notification_interests`
--

CREATE TABLE `exponent_push_notification_interests` (
  `key` varchar(191) COLLATE utf8mb4_unicode_ci NOT NULL,
  `value` varchar(191) COLLATE utf8mb4_unicode_ci NOT NULL
) ENGINE=InnoDB DEFAULT CHARSET=utf8mb4 COLLATE=utf8mb4_unicode_ci;

-- --------------------------------------------------------

--
-- Table structure for table `migrations`
--

CREATE TABLE `migrations` (
  `id` int(10) UNSIGNED NOT NULL,
  `migration` varchar(191) COLLATE utf8mb4_unicode_ci NOT NULL,
  `batch` int(11) NOT NULL
) ENGINE=InnoDB DEFAULT CHARSET=utf8mb4 COLLATE=utf8mb4_unicode_ci;

--
-- Dumping data for table `migrations`
--

INSERT INTO `migrations` (`id`, `migration`, `batch`) VALUES
(1, '2014_10_12_000000_create_users_table', 1),
(2, '2014_10_12_100000_create_password_resets_table', 1),
(3, '2016_06_01_000001_create_oauth_auth_codes_table', 1),
(4, '2016_06_01_000002_create_oauth_access_tokens_table', 1),
(5, '2016_06_01_000003_create_oauth_refresh_tokens_table', 1),
(6, '2016_06_01_000004_create_oauth_clients_table', 1),
(7, '2016_06_01_000005_create_oauth_personal_access_clients_table', 1),
(8, '2018_12_30_152445_create_categories_table', 2),
(9, '2018_12_30_152455_create_projects_table', 2),
(10, '2018_12_30_152759_create_tender_processes_table', 2),
(11, '2019_02_08_112405_create_project_rules_table', 3),
(12, '2019_02_12_032605_create_regions_table', 3),
(13, '2019_02_12_032838_create_agencies_table', 3),
(14, '2019_02_12_033519_create_tender_types_table', 4),
(15, '2019_02_17_051839_create_project_details_table', 5),
(16, '2019_02_24_123657_create_user_bids_table', 6),
(17, '2019_04_27_004014_create_exponent_push_notification_interests_table', 7),
(19, '2019_05_07_030802_create_shortlist_specifications_table', 8),
(20, '2019_05_23_051026_create_user_details_table', 9);

-- --------------------------------------------------------

--
-- Table structure for table `oauth_access_tokens`
--

CREATE TABLE `oauth_access_tokens` (
  `id` varchar(100) COLLATE utf8mb4_unicode_ci NOT NULL,
  `user_id` int(11) DEFAULT NULL,
  `client_id` int(11) NOT NULL,
  `name` varchar(191) COLLATE utf8mb4_unicode_ci DEFAULT NULL,
  `scopes` text COLLATE utf8mb4_unicode_ci,
  `revoked` tinyint(1) NOT NULL,
  `created_at` timestamp NULL DEFAULT NULL,
  `updated_at` timestamp NULL DEFAULT NULL,
  `expires_at` datetime DEFAULT NULL
) ENGINE=InnoDB DEFAULT CHARSET=utf8mb4 COLLATE=utf8mb4_unicode_ci;

--
-- Dumping data for table `oauth_access_tokens`
--

INSERT INTO `oauth_access_tokens` (`id`, `user_id`, `client_id`, `name`, `scopes`, `revoked`, `created_at`, `updated_at`, `expires_at`) VALUES
('01648d8fce7a4e980ecb518e6059a67ca3fbca4554bf1226f861fc7ccc56cbdb86028aa9284977d4', 1, 2, NULL, '[]', 0, '2019-02-25 19:05:03', '2019-02-25 19:05:03', '2020-02-25 19:05:03'),
('02161bc79d3a3afe1f06b68eb0aa48f6a1e929c846d4b439cf9ef7b9711898d82ae93046770bff83', 1, 2, NULL, '[]', 0, '2019-02-24 00:51:44', '2019-02-24 00:51:44', '2020-02-24 00:51:44'),
('0d1d34eadac7e73bdce1cb3330bf9d434fb89c8a9ce4d3e0a87cd73dc15ceab0e0290616f46230a8', 1, 2, NULL, '[]', 0, '2018-12-24 23:52:17', '2018-12-24 23:52:17', '2019-12-24 23:52:17'),
('0e4d1ce47e82bb43d0f21cd20e019114215e03f42d0467833120a628d54b274aa3a9df50d22e68f6', 1, 2, NULL, '[]', 0, '2019-05-28 09:48:41', '2019-05-28 09:48:41', '2020-05-28 09:48:41'),
('0f3106a924525b3a89e5be060d1929765f6500f7e59786d72e6ceb93e06a938abe0f068c7b91e3a4', 1, 2, NULL, '[]', 0, '2018-12-22 23:35:54', '2018-12-22 23:35:54', '2019-12-22 23:35:54'),
('11c7906c33a249c3d27de1e76e4de96aad31b03912aa8aef93c45074773240abbc862294239b6ff6', 1, 2, NULL, '[]', 0, '2019-05-06 02:27:04', '2019-05-06 02:27:04', '2020-05-06 02:27:04'),
('137de61e823a7cbfdf368e4bb30e1ad370db7846533d88098cf56014e018c2e0505f730ded93c398', 1, 2, NULL, '[]', 0, '2018-12-29 18:47:10', '2018-12-29 18:47:10', '2019-12-29 18:47:10'),
('13fc11d9c0bc50e2e095d41f0e1627e591b597f820cd09b1cc33f3d58d4fd0333c38e12d7fb28f4d', 1, 2, NULL, '[]', 0, '2019-04-30 04:02:56', '2019-04-30 04:02:56', '2020-04-30 04:02:56'),
('152a05020938d2869678c44cc0a5949a7baefccf736025aaf1eae19d92f8c43c7d8dd34fa0032b38', 1, 2, NULL, '[]', 0, '2018-12-24 23:59:00', '2018-12-24 23:59:00', '2019-12-24 23:59:00'),
('17b0087d24e278c3d3ac70b5005bba983d0e8d3914dcaa5b3fcc475216cf7d3904583e30fdade233', 1, 2, NULL, '[]', 0, '2019-05-28 09:26:12', '2019-05-28 09:26:12', '2020-05-28 09:26:12'),
('1aa8616378b9492999ae85357668552f35f83c1bedf9d8cebf2337756294bac392280aa6a42066cd', 1, 2, NULL, '[]', 0, '2018-12-24 23:45:52', '2018-12-24 23:45:52', '2019-12-24 23:45:52'),
('1d77403f927556f57a9b451a28b1f78ebf6a2b128fdbfc263064f1117e5b5cd7d7aa43a0072c55cd', 1, 2, NULL, '[]', 0, '2018-12-22 23:09:04', '2018-12-22 23:09:04', '2019-12-22 23:09:04'),
('1d7ab574c547d1370ff58b0637c47071f56e9697480968354dab46fe143d56de262bc84fcafdc370', 1, 2, NULL, '[]', 0, '2019-06-01 13:55:16', '2019-06-01 13:55:16', '2020-06-01 13:55:16'),
('1d92ef6e2769d207a87ea21bcc089428457fd38fbff135742f9f1e04e6dc3b63cd16b385f25a754d', 1, 2, NULL, '[]', 0, '2019-04-15 21:39:27', '2019-04-15 21:39:27', '2020-04-15 21:39:27'),
('1e9bf0be90a1cb26afb97de3cf33034e587eb61da889ba1e22ebd2dea557a22139480e2a459c50c3', 1, 2, NULL, '[]', 0, '2018-12-25 00:04:33', '2018-12-25 00:04:33', '2019-12-25 00:04:33'),
('1f962eeca3b4a286ba0d5b0ae086c817b217ff9e13f894ed7ccf0eebbd0ff0526aec1bf3894ab10c', 1, 2, NULL, '[]', 0, '2019-04-30 03:59:22', '2019-04-30 03:59:22', '2020-04-30 03:59:22'),
('1fe69f768f5d2b6ba8c6274a04464d2cb71c46c0cfcde2eb640ba54bce04809febba8cc9ad5273e0', 1, 2, NULL, '[]', 0, '2019-05-25 05:07:01', '2019-05-25 05:07:01', '2020-05-25 05:07:01'),
('20c3f1058a2d44d16470f79699ed919d50e4f523f74aefc6c23d98e7f193faa2e4c6e4e9457d2c93', 13, 2, NULL, '[]', 0, '2019-05-25 02:48:48', '2019-05-25 02:48:48', '2020-05-25 02:48:48'),
('22cd948091d7d69c2425c6ebc7a305409b72c178ebc8137fa4cd39ca3b87f65d1e98e8219ade69de', 1, 2, NULL, '[]', 0, '2018-12-22 23:28:45', '2018-12-22 23:28:45', '2019-12-22 23:28:45'),
('24116cbfd320fc4ba7f2dfd66e974d717243da8d0ac78e09105f13fe743aea4ec2d9af4b39907c63', 1, 2, NULL, '[]', 0, '2018-12-22 23:33:45', '2018-12-22 23:33:45', '2019-12-22 23:33:45'),
('24e979a78807ad2c6c6d018db81542726641c2c92effcd28cf8f86ecd99d8691b4df219b667f8ad8', 1, 2, NULL, '[]', 0, '2019-02-24 00:36:23', '2019-02-24 00:36:23', '2020-02-24 00:36:23'),
('26100eaa5e068914b03d6c473d2654516d9d3ed079c15bc0fa607ed2918468033dfc02b4c06a402a', 1, 2, NULL, '[]', 0, '2019-04-15 21:57:16', '2019-04-15 21:57:16', '2020-04-15 21:57:16'),
('27b957a2d2d5b2937d4ea9139543516740a76ba75299c09d5cca33980ddd3c668e67b870575a732f', 1, 2, NULL, '[]', 0, '2019-05-27 10:29:16', '2019-05-27 10:29:16', '2020-05-27 10:29:16'),
('29985d9bf4fe8fe83a3c842dca24bfb887f56e4bee95febcf1d17354e00c8d25e27b3b34a39fefe9', 12, 2, NULL, '[]', 0, '2019-05-25 02:40:50', '2019-05-25 02:40:50', '2020-05-25 02:40:50'),
('2a2312c0b829ca83cff904b2bac3b52b817c50dfb35734657f28b3223bd5385e20b221c01edbabad', 1, 2, NULL, '[]', 0, '2019-05-02 22:50:07', '2019-05-02 22:50:07', '2020-05-02 22:50:07'),
('2c7fecd35dc9b1d115efb13cca78e7f9e20ed61c669a923e6c1a8947731af2571e189691ce9bd1aa', 1, 2, NULL, '[]', 0, '2019-05-02 22:57:34', '2019-05-02 22:57:34', '2020-05-02 22:57:34'),
('2f7d28383697a455d48c1f58074be39878a7a5bb666a1bdb8a496ef3f6d9242e303693dee290e457', 1, 2, NULL, '[]', 0, '2018-12-25 00:13:00', '2018-12-25 00:13:00', '2019-12-25 00:13:00'),
('3082f77d34b04ef16468ca34b9f096926a3f73a96de3fc27a5615d2ffb09ba1cf0dd179dcaeb1dee', 1, 2, NULL, '[]', 0, '2019-03-01 23:09:53', '2019-03-01 23:09:53', '2020-03-01 23:09:53'),
('323736c61157aee50c6e88c31e461dd5f05f7db0905fdf585fecd5b336f5cccf4713ae95f952a215', 1, 2, NULL, '[]', 0, '2019-03-18 13:14:00', '2019-03-18 13:14:00', '2020-03-18 13:14:00'),
('366cfcfee842f9d2b0fd3c867e5374178c23682c2ca344be8abd1ff02f13335c8dfb39af10269fcd', 1, 2, NULL, '[]', 0, '2018-12-22 23:25:08', '2018-12-22 23:25:08', '2019-12-22 23:25:08'),
('39f124a0e2ef95f910f0f64f19c1954e5749acd027db74166fd2b0221325a7e4f249d432b523fec9', 1, 2, NULL, '[]', 0, '2019-02-24 00:43:43', '2019-02-24 00:43:43', '2020-02-24 00:43:43'),
('42b67098ab91d6235254cbea957d0532fc60fa3c2ad098aee3be0de6bf11d2fa8fb042b9db8f75e4', 1, 2, NULL, '[]', 0, '2019-04-26 03:26:03', '2019-04-26 03:26:03', '2020-04-26 03:26:03'),
('42e9e9054577ce32bf921f33997dcd0d46c053efe9adf393cbc3053353b2d0b63baaafab04845339', 1, 2, NULL, '[]', 0, '2019-05-25 05:03:12', '2019-05-25 05:03:12', '2020-05-25 05:03:12'),
('4374b8c65b122dc89b5cdf771365b4755d41e6e6e69c9cd20e40f413e4c006b37944a141508621a5', 1, 2, NULL, '[]', 0, '2019-04-15 22:07:41', '2019-04-15 22:07:41', '2020-04-15 22:07:41'),
('495b9120a1883fffe93657316417b9994d2c8077a4f594d5f3b50bc758db4a797f711658593cdf84', 1, 2, NULL, '[]', 0, '2018-12-22 23:30:18', '2018-12-22 23:30:18', '2019-12-22 23:30:18'),
('4f83217e36f31429360a97020ab3469ae45a8cac169bb8b884cda32c2e3204b437b3922ee05a9a5b', 1, 2, NULL, '[]', 0, '2019-05-10 01:10:06', '2019-05-10 01:10:06', '2020-05-10 01:10:06'),
('4f99bc60890eda440bce821801ef609488abcae4681a4d31399c499549a6ab509f193e033f96b02b', 1, 2, NULL, '[]', 0, '2018-12-25 00:13:29', '2018-12-25 00:13:29', '2019-12-25 00:13:29'),
('50379c56a2b046e48655ada9917f5133e17e3393e22d1ed790c212748e064c9b9d064bbe025aae5e', 1, 2, NULL, '[]', 0, '2019-05-25 02:37:35', '2019-05-25 02:37:35', '2020-05-25 02:37:35'),
('507c8a6bb15ce72aa9b58eb5a79a7f4adbb45e74dba7502bf8c3fe7869fd8486a59342115d12df61', 1, 2, NULL, '[]', 0, '2019-03-18 19:43:20', '2019-03-18 19:43:20', '2020-03-18 19:43:20'),
('51af1c44b1e7b604776194287c3a14a87c810db47fd40dc255e103c929b3747e8433aedf1bb30c83', 1, 2, NULL, '[]', 0, '2019-03-06 04:36:28', '2019-03-06 04:36:28', '2020-03-06 04:36:28'),
('5200b627ef6cc616aa4280ff19b4a52c1029fe0cba062630c0f49ac1a3cce286c72dbb4f8d8eb0ca', 1, 2, NULL, '[]', 0, '2019-05-28 00:08:42', '2019-05-28 00:08:42', '2020-05-28 00:08:42'),
('530f2c79ec9c10bb404f516b2ceb90b7f74feda8217d24018610949a3c8317b6469fc074be13055d', 1, 2, NULL, '[]', 0, '2019-03-18 19:43:40', '2019-03-18 19:43:40', '2020-03-18 19:43:40'),
('53aaad145b0e6a14113f5a09f14bad740e85e305a33154db41898a0c766d11f27523e07fc45b766b', 1, 2, NULL, '[]', 0, '2019-02-24 21:30:43', '2019-02-24 21:30:43', '2020-02-24 21:30:43'),
('5c1fe62fd3d4a59fe9a370cb9412c5d8c2fce8c5d42c604393d7572ad8d2baa01df4127aac364965', 1, 2, NULL, '[]', 0, '2019-04-24 05:13:19', '2019-04-24 05:13:19', '2020-04-24 05:13:19'),
('5dae06b85221796c2ec896a093d2cb087da5f532e3b2a72c75feb0900d8e0fdacb16f0c8b8ddb2ce', 1, 2, NULL, '[]', 0, '2019-05-25 04:56:07', '2019-05-25 04:56:07', '2020-05-25 04:56:07'),
('5e6ac18e2336e966aed4aa6045f820caf45925d3cc38b0f556be6c99c240d34782a76f94c1d8bd67', 1, 2, NULL, '[]', 0, '2019-04-15 21:32:08', '2019-04-15 21:32:08', '2020-04-15 21:32:08'),
('5f103653652365c4019a3b3f86a08b0d9742e1101034a882fc761c6389deec77597f8cdbec0a2a5f', 1, 2, NULL, '[]', 0, '2018-12-22 22:59:08', '2018-12-22 22:59:08', '2019-12-22 22:59:08'),
('60b343cdc471482e3d49ff2b401c20501ef804ba6e148e5f059ea025bfafc99186f57404189eb24e', 1, 2, NULL, '[]', 0, '2019-04-30 04:01:35', '2019-04-30 04:01:35', '2020-04-30 04:01:35'),
('613cf7c822a7c5647272a639c02043a4f3fd47fd091c4e3337890e495250ab03a8fb4550ce71c92b', 1, 2, NULL, '[]', 0, '2019-04-15 22:00:19', '2019-04-15 22:00:19', '2020-04-15 22:00:19'),
('62717b517c2402d9dc7695f0c994398108d4e498f533c112e530fe75f068c9b86e74f54cb1e1aa34', 1, 2, NULL, '[]', 0, '2019-02-13 20:29:36', '2019-02-13 20:29:36', '2020-02-13 20:29:36'),
('644628f2fa19c89898134cada68458cc2a37fd5549b12a6d532743c5d2698674f910e64b19073aa5', 1, 2, NULL, '[]', 0, '2019-05-27 11:05:51', '2019-05-27 11:05:51', '2020-05-27 11:05:51'),
('64be8cd655163e832d53298e85aa40a58188cc115828426f2d4fcb77223f153ce24e20502e124470', 1, 2, NULL, '[]', 0, '2019-03-04 23:54:46', '2019-03-04 23:54:46', '2020-03-04 23:54:46'),
('6520d2e75cf7dd0747513877a9bb43b26276429460e6340346795b85c5836e192d56fab4c9c65a26', 1, 2, NULL, '[]', 0, '2018-12-24 23:39:47', '2018-12-24 23:39:47', '2019-12-24 23:39:47'),
('6587b3dead4c50082be59b082c1b83965b268e87f2b75af46bd75056543b1e5df1dc4025312495ad', 1, 2, NULL, '[]', 0, '2019-05-08 10:26:57', '2019-05-08 10:26:57', '2020-05-08 10:26:57'),
('6711742d184a8a609fc57d1c2f5beeed581c48d7aa1183cfdb506e607f3683ccdce683a0cf3fa8f8', 1, 2, NULL, '[]', 0, '2019-05-06 21:36:19', '2019-05-06 21:36:19', '2020-05-06 21:36:19'),
('6764291072508fbd07b22cf2c85ad0e0714c24ba9d9db7ffcf17b9e8518d6144446f00af42b6744d', 1, 2, NULL, '[]', 0, '2019-05-28 07:42:15', '2019-05-28 07:42:15', '2020-05-28 07:42:15'),
('68de2cb10752378ea3cc9e8c0f787ee45ec1efd4af161097aded8d8987b767b85acdc41afc1bd4c8', 1, 2, NULL, '[]', 0, '2019-02-11 11:51:04', '2019-02-11 11:51:04', '2020-02-11 11:51:04'),
('6bd12bf9505514950b6b3b015bfb314c0d763073699d1082ec93aee46647b1d07b1ff7d7ad8bbf53', 1, 2, NULL, '[]', 0, '2019-03-06 04:37:43', '2019-03-06 04:37:43', '2020-03-06 04:37:43'),
('6c59e438178a896c4f07c66d1b9562735ffdfe8b9bb62d86ac962e07a612b02a6d9b15a887791c50', 1, 2, NULL, '[]', 0, '2019-02-13 19:34:52', '2019-02-13 19:34:52', '2020-02-13 19:34:52'),
('6dda8a74d10bc012da2bf79c9f9053e1b850dded952be7f7cb5db86e3922690ce39135e2107a8249', 1, 2, NULL, '[]', 0, '2019-05-26 14:51:13', '2019-05-26 14:51:13', '2020-05-26 14:51:13'),
('6e1a649b030337442549a47009f90fb7fd23d2864975e74d6e0d62d62770c4373815135e2755868e', 1, 2, NULL, '[]', 0, '2019-01-28 12:23:19', '2019-01-28 12:23:19', '2020-01-28 12:23:19'),
('6e51e851d6bc1a64020f188bfb570e2e11cd9a6ba466e71df49c47fef64558aec7f15b25b477157c', 1, 2, NULL, '[]', 0, '2019-02-13 19:08:53', '2019-02-13 19:08:53', '2020-02-13 19:08:53'),
('6ef340a7837779f2f4171dd0379e3d39f001f8b76eb17060f17f43a116940122843a5c4e9607eb3d', 1, 2, NULL, '[]', 0, '2019-02-21 00:15:22', '2019-02-21 00:15:22', '2020-02-21 00:15:22'),
('71c4819c030d7024441827f6f1bbb053d22a31883c53ae41c111fd70d69f4fde656be31a159a6df0', 1, 2, NULL, '[]', 0, '2019-05-26 14:39:18', '2019-05-26 14:39:18', '2020-05-26 14:39:18'),
('7219fb76fe24042d4f57b440c51dc9fe860751fc97d5f7d95a1284ba70c131aaf657229a1652f49f', 1, 2, NULL, '[]', 0, '2019-03-02 00:08:21', '2019-03-02 00:08:21', '2020-03-02 00:08:21'),
('7250222fc28e5bdd020c7f5aabfe9fe48684dd786d17482e9016f0e3a99d05231f61fe36fbe406fd', 1, 2, NULL, '[]', 0, '2019-02-11 13:37:43', '2019-02-11 13:37:43', '2020-02-11 13:37:43'),
('72dade5d9b3b161808fca908e4bd0586a93928ea457a4e0467863c43a0ebed68ee835437200c2174', 1, 2, NULL, '[]', 0, '2018-12-25 00:19:25', '2018-12-25 00:19:25', '2019-12-25 00:19:25'),
('75437edbf4b204705522e11fa15865a83e6501d2bb8cc098599e88cf036f405133baf60d989b30cc', 1, 2, NULL, '[]', 0, '2019-05-02 22:04:07', '2019-05-02 22:04:07', '2020-05-02 22:04:07'),
('763a328414f786e706066dedee80ca3503384e0116cd219bee2b4612ffb4ef83a6b60e52b6920d51', 1, 2, NULL, '[]', 0, '2019-03-11 23:09:09', '2019-03-11 23:09:09', '2020-03-11 23:09:09'),
('771678c257ecfb8556a10f9abfb6749dc0dabafe6421c96c1d2471b5e59d0c2d95e57a0bfac716db', 14, 2, NULL, '[]', 0, '2019-05-25 02:51:27', '2019-05-25 02:51:27', '2020-05-25 02:51:27'),
('82e1d15e6e101570b077ac45f7d908ccde320c303dd4d0d628a9cf1140938d0b044e8193628b598e', 1, 2, NULL, '[]', 0, '2020-01-13 01:14:43', '2020-01-13 01:14:43', '2021-01-13 01:14:43'),
('84cc24146ddfccd45a22b424a5b9e2e22d784b08f9d2c9c131286d1c86e0745d63469b05c7e1e47c', 1, 2, NULL, '[]', 0, '2019-05-27 11:09:35', '2019-05-27 11:09:35', '2020-05-27 11:09:35'),
('85a31c02b95d297b17d7cc5c4efd92ee53c77ebce700dfe17713fe038f001051ed007d9f91c44d36', 1, 2, NULL, '[]', 0, '2019-02-28 19:50:46', '2019-02-28 19:50:46', '2020-02-28 19:50:46'),
('8a9bc1b69c13f29766e861e900c9368659dde037766331796e22e3bc154566b315b499dd5a65c5f4', 1, 2, NULL, '[]', 0, '2019-04-15 22:01:00', '2019-04-15 22:01:00', '2020-04-15 22:01:00'),
('8d2ecdaf5af2222091cc08df34684cea29d2a306ff689e66b41ac6fb6c070986e4e609a8f2909951', 1, 2, NULL, '[]', 0, '2019-02-13 18:53:43', '2019-02-13 18:53:43', '2020-02-13 18:53:43'),
('8e4c91b9f60465b9fe6095a08ba1d8e992117b1734312921f7cfdd2230675de61034454ac3c4c98b', 1, 2, NULL, '[]', 0, '2019-02-14 05:32:43', '2019-02-14 05:32:43', '2020-02-14 05:32:43'),
('91797168c9c91c766c00cbe8e1f8bc37bba58ba77f3f17c7d50d289e0343958932edf08724a9f6fa', 1, 2, NULL, '[]', 0, '2019-01-28 12:40:49', '2019-01-28 12:40:49', '2020-01-28 12:40:49'),
('960ab57791094b843866c33f0048d9a37a627b55696c388ecdd6ad7c87517328e9e617a24300ae0f', 1, 2, NULL, '[]', 0, '2019-02-11 21:07:25', '2019-02-11 21:07:25', '2020-02-11 21:07:25'),
('96bbcb4d46c06d635000ec71fac506fd215f7f91ef6f27644a7f66b02440421540939ac4ade8c713', 1, 2, NULL, '[]', 0, '2019-05-27 23:50:40', '2019-05-27 23:50:40', '2020-05-27 23:50:40'),
('9773290eee45287db4cd801285d429be815b9a2e6c1d957db7f3d01dee58c276c6e8868a7ec7631e', 1, 2, NULL, '[]', 0, '2019-01-28 12:38:25', '2019-01-28 12:38:25', '2020-01-28 12:38:25'),
('979127aa0a2313f27a559b369c5baf5ee97c779f1cf92330cd2409b10575208d200dafa5495566ce', 1, 2, NULL, '[]', 0, '2019-02-11 12:14:06', '2019-02-11 12:14:06', '2020-02-11 12:14:06'),
('99a5533d30df70fa707e7ab0ff04d560ee82bc1fe0710e35c4503eaa1e91a46619fa20c16eb3ff56', 1, 2, NULL, '[]', 0, '2019-05-28 00:10:06', '2019-05-28 00:10:06', '2020-05-28 00:10:06'),
('99f99d1ca23e5e95be32c102b9b7e60fc322cd123487f0759789a22c94552cc4c04873c1554b0598', 1, 2, NULL, '[]', 0, '2019-05-28 00:36:31', '2019-05-28 00:36:31', '2020-05-28 00:36:31'),
('9aa460e94cc863d4c746833f1aee2261929ec1571f7684ad110b9cd5898d4540db05c08396089260', 1, 2, NULL, '[]', 0, '2018-12-22 23:37:54', '2018-12-22 23:37:54', '2019-12-22 23:37:54'),
('9e7cd85270f6e444a27aaa7cfa5b6491d3d346c75e368d3cd274e3912509373ab09c600890a5e089', 1, 2, NULL, '[]', 0, '2019-05-25 23:35:09', '2019-05-25 23:35:09', '2020-05-25 23:35:09'),
('9ed527beccb0ee8247ba421be6287f7076861a95baf2f5d326f47fa25f4ec36ebabf61eb5cc464b5', 1, 2, NULL, '[]', 0, '2018-12-22 23:24:03', '2018-12-22 23:24:03', '2019-12-22 23:24:03'),
('9f41e35e354107de7e997768476820a4b3b097dedaa42259c9b3208800234cf3506a61e6027e4bb8', 1, 2, NULL, '[]', 0, '2019-05-02 23:58:54', '2019-05-02 23:58:54', '2020-05-02 23:58:54'),
('a0f13c1f037193fdc57c8eb024225ca79a3f58b48eedae46469b00b96c9900729f29cad81901d1f6', 1, 2, NULL, '[]', 0, '2019-01-28 13:31:26', '2019-01-28 13:31:26', '2020-01-28 13:31:26'),
('a65ddc6a20151c6423305ddaea0219d04265954601d93613aa8e3f29e16661379244eb1b362a8e9d', 1, 2, NULL, '[]', 0, '2019-04-29 01:02:20', '2019-04-29 01:02:20', '2020-04-29 01:02:20'),
('a8c9e3955559b2e5c802618cbd4391dea15d657cd252d759539776be0edcdb33880226227881d933', 1, 2, NULL, '[]', 0, '2019-05-01 03:14:19', '2019-05-01 03:14:19', '2020-05-01 03:14:19'),
('a933d5bef3e525dcc984ca36ec7cf1c11d61661b395b7e5b0d6a886459c66681295a3cbe9f6264b8', 1, 2, NULL, '[]', 0, '2019-02-21 00:15:24', '2019-02-21 00:15:24', '2020-02-21 00:15:24'),
('a9532d07b3113f2f546ff56270f5a0201559634bb33ae76054b1674b2a0ef2de0f7e01b846cfec63', 1, 2, NULL, '[]', 0, '2019-02-13 19:39:22', '2019-02-13 19:39:22', '2020-02-13 19:39:22'),
('a9e134aba9eb6fa603be33b92fb98a7dfcbb8886587a654321834bcd362cb6030f752c38ec20fcae', 1, 2, NULL, '[]', 0, '2018-12-30 17:52:46', '2018-12-30 17:52:46', '2019-12-30 17:52:46'),
('add248dd5f47920107830b859141debc7739fe20c520062bf0d4a83b35be832b8bbcd75e925deb93', 1, 2, NULL, '[]', 0, '2018-12-25 00:04:54', '2018-12-25 00:04:54', '2019-12-25 00:04:54'),
('ae0a876a06ce3946c6ddd83361c89b8416b16b7923663355719641d1d39b2d102352c988afd1ee4d', 1, 2, NULL, '[]', 0, '2019-05-06 21:43:38', '2019-05-06 21:43:38', '2020-05-06 21:43:38'),
('af514c98387af98cd36082e97e066094bf35bd4bea97ecac0efc764a40b12ee07260cb25fbc9f3d5', 1, 2, NULL, '[]', 0, '2019-05-23 22:44:32', '2019-05-23 22:44:32', '2020-05-23 22:44:32'),
('b04c61fbb85211664a8954917fdee751ecb01598c9adf256457602ef706ba877ef7efaad83531a79', 1, 2, NULL, '[]', 0, '2019-02-13 20:24:04', '2019-02-13 20:24:04', '2020-02-13 20:24:04'),
('b4fb42b50a5cbefd7a5045be9b17c4c52939739bf74568e9972773140967c9f3fa599c0b90519140', 1, 2, NULL, '[]', 0, '2018-12-22 23:31:25', '2018-12-22 23:31:25', '2019-12-22 23:31:25'),
('b511306668758deddc7a4a7d8722d90916c56921efb39e868697cf85ff52858ffca509b17dfb42b4', 1, 2, NULL, '[]', 0, '2019-04-27 00:46:58', '2019-04-27 00:46:58', '2020-04-27 00:46:58'),
('b6a8ee54b1f84c37193b389f1714a98c087bd1ed14a11ce7b70ff3ef0788d8c3011abcce900779bb', 1, 2, NULL, '[]', 0, '2018-12-25 00:13:35', '2018-12-25 00:13:35', '2019-12-25 00:13:35'),
('b793f4a1e8641f7ac551d9af1c83adec100b9834f4e0b475f8b91cd01a2cc753c6de2db1fc6c11f4', 1, 2, NULL, '[]', 0, '2018-12-22 23:29:26', '2018-12-22 23:29:26', '2019-12-22 23:29:26'),
('b903d096fcee884f3e381c3267c5bf8699f39e41da9d81cf105a33538708f2292ce3aa3d1b098d51', 1, 2, NULL, '[]', 0, '2019-02-19 11:39:32', '2019-02-19 11:39:32', '2020-02-19 11:39:32'),
('baf327aaec4306fc16357b2fef1df6c475f7291a653ce9c0696e43f98116fb5618e575751e13d3d8', 1, 2, NULL, '[]', 0, '2019-03-12 02:06:25', '2019-03-12 02:06:25', '2020-03-12 02:06:25'),
('bf0406636851f4b61a15348a49285967e4d9dfd277cc88c419e53298f2d5766a66090468475548d2', 1, 2, NULL, '[]', 0, '2019-01-28 15:23:37', '2019-01-28 15:23:37', '2020-01-28 15:23:37'),
('bff1d552b004ff6206d610d4ca8f1b7080b68d32b29838b471e10ee3cdb682130b1437167d6fd09e', 1, 2, NULL, '[]', 0, '2019-05-25 21:56:22', '2019-05-25 21:56:22', '2020-05-25 21:56:22'),
('c209601fd0c51a853ba0515b8734354dcd4fad5177dfc76c0c7069f9f132020a406da091b4ac6507', 1, 2, NULL, '[]', 0, '2019-05-28 01:26:39', '2019-05-28 01:26:39', '2020-05-28 01:26:39'),
('c4fd9ffd71f10dd6f618cfe52c558d4e82379aa6f81a7a287ab1e0f9051732a88712356ef5c03a81', 1, 2, NULL, '[]', 0, '2019-04-05 16:14:13', '2019-04-05 16:14:13', '2020-04-05 16:14:13'),
('c6b63ad683e1d46f4dd29ed5db4018deb52eebc5de90a673318f30b881cbb3cf4a0c27ea353ad784', 1, 2, NULL, '[]', 0, '2019-02-28 17:25:07', '2019-02-28 17:25:07', '2020-02-28 17:25:07'),
('c76f557c3d09059e49c9457e2925eb587b41a759f759d07745a46302ccd89f9d5cbd4fdfc8e0dba2', 1, 2, NULL, '[]', 0, '2019-02-13 20:42:48', '2019-02-13 20:42:48', '2020-02-13 20:42:48'),
('c7cf939cd2a183f3e74296a7e9a1aa30d7fcf81edde360460da4f6e155eaa42b9d10c0e9de4e5583', 1, 2, NULL, '[]', 0, '2018-12-22 23:36:43', '2018-12-22 23:36:43', '2019-12-22 23:36:43'),
('c884767ed245099989cb28cf0acee1b049c7abb36bdd5db587805e44f82e2cce6b4623d8b3fb3aee', 1, 2, NULL, '[]', 0, '2019-04-26 19:18:26', '2019-04-26 19:18:26', '2020-04-26 19:18:26'),
('ca6b3a715c935da1fe4de43164404f8628c120186b6d9c87ea9617f5400704f9014ee64500d312ec', 16, 2, NULL, '[]', 0, '2019-05-27 22:03:25', '2019-05-27 22:03:25', '2020-05-27 22:03:25'),
('ccac469e50a55802f3b7bc65aa2914fd831d7697b9ba2d3364346b3ad76093292d1b2bcc532386ae', 1, 2, NULL, '[]', 0, '2019-05-23 20:30:10', '2019-05-23 20:30:10', '2020-05-23 20:30:10'),
('ce3018d30f67d2a7439f58999170ef5063a89bc8359f863499531885dba43f73f282556ffdf31db8', 15, 2, NULL, '[]', 0, '2019-05-27 10:30:09', '2019-05-27 10:30:09', '2020-05-27 10:30:09'),
('d18847eabf0e2aa36f726deb6312c2b3820d203147d37becafb92fdd6e2cde85317535ad108c4a64', 1, 2, NULL, '[]', 0, '2019-05-25 23:40:33', '2019-05-25 23:40:33', '2020-05-25 23:40:33'),
('d3ea5fc390a3b5d81610cce525a227c1819401bdbfb482f23215019b291261b42e8ff6d1a0305763', 1, 2, NULL, '[]', 0, '2019-03-13 23:48:27', '2019-03-13 23:48:27', '2020-03-13 23:48:27'),
('d6715c981084ebb07a98c69749f7c20d3a97f24aee8fd500bdd221001f1fe6a8ef5849bda9f94d57', 1, 2, NULL, '[]', 0, '2019-05-11 23:26:46', '2019-05-11 23:26:46', '2020-05-11 23:26:46'),
('d68b1fa96935ab10b814db2bfa971854271a8ba8e929b159661bc7e360e3a8c03aca0b960782756a', 1, 2, NULL, '[]', 0, '2019-05-08 11:30:43', '2019-05-08 11:30:43', '2020-05-08 11:30:43'),
('d6bacf3360468e8141a4ed788f65c4723753f58cb099b3a2b73d54afc07d0da4963da4739a9805a9', 1, 2, NULL, '[]', 0, '2019-02-14 05:34:41', '2019-02-14 05:34:41', '2020-02-14 05:34:41'),
('d8beab5f242512d653703e5c913ae44562049d7809f1f2344e559a59af8cf14e97ea62902d755587', 1, 2, NULL, '[]', 0, '2019-02-18 13:01:16', '2019-02-18 13:01:16', '2020-02-18 13:01:16'),
('d94342cc1120117a2e74364305f0acd5c6dc7414a67dd55fb9c358a79e9babf71afaf5dc315519f9', 1, 2, NULL, '[]', 0, '2019-02-18 12:59:54', '2019-02-18 12:59:54', '2020-02-18 12:59:54'),
('da7de5d3bcdb9c23a827a863fcac48f7ae385c8a03a181ae42da6594279ed8da5c7a7f1b8806468a', 1, 2, NULL, '[]', 0, '2019-02-13 18:55:16', '2019-02-13 18:55:16', '2020-02-13 18:55:16'),
('da8c6237b880c1d0de7fb0e3625aaabd950d4a44b2c3038824a23b0287bdf37e0be0218a2c764400', 1, 2, NULL, '[]', 0, '2019-03-11 23:01:44', '2019-03-11 23:01:44', '2020-03-11 23:01:44'),
('dac5914670ae24ccb4c2c7124b8aecf9eba77bd2a3d285b3d2a370bc78778e17402eadbcf92075b7', 1, 2, NULL, '[]', 0, '2019-02-25 23:39:33', '2019-02-25 23:39:33', '2020-02-25 23:39:33'),
('df1cd4aa4e28ba55d7b8b46c08138ddb80863236b4e244051c2e08f7a93f1f94bfbe146ac6a8cc32', 1, 2, NULL, '[]', 0, '2019-05-23 22:20:28', '2019-05-23 22:20:28', '2020-05-23 22:20:28'),
('df8832f05287d7cd6869724757f715f6fd8c07b84911d8823a26cabc790c099e265ddceced9b895c', 1, 2, NULL, '[]', 0, '2019-03-11 22:59:59', '2019-03-11 22:59:59', '2020-03-11 22:59:59'),
('dfdd0ff9ae77f3cfa9194fcbfeb2abdec88f9a3c918b1e52cdedcbb8f87b54a41dff095a58ac27a7', 1, 2, NULL, '[]', 0, '2019-05-23 22:18:45', '2019-05-23 22:18:45', '2020-05-23 22:18:45'),
('e01b060f630b9440dbe1218cc53f9e76bbf58093ac0dbe7e117d05ca40a20b0bebb79e1718ea653b', 1, 2, NULL, '[]', 0, '2019-02-24 00:43:29', '2019-02-24 00:43:29', '2020-02-24 00:43:29'),
('e416aad35d32cd2425e489ffab392cc3c4a1fe200070a3321c9b7ce56ca0524957e4635e565145c6', 1, 2, NULL, '[]', 0, '2019-04-30 03:11:04', '2019-04-30 03:11:04', '2020-04-30 03:11:04'),
('e516626c01bd0b777d22b5b4f0c8c606df0e6e972e4138f6610c1a441fa42d130a3ab440a5195bc7', 1, 2, NULL, '[]', 0, '2018-12-22 23:34:39', '2018-12-22 23:34:39', '2019-12-22 23:34:39'),
('e903f29bc67ef420016083b8ad274af8fb9610c14203ed394d4c828bdaccec70fd481d2e969e1e99', 1, 2, NULL, '[]', 0, '2019-05-02 00:48:30', '2019-05-02 00:48:30', '2020-05-02 00:48:30'),
('ed3f15095040c70ff98d7923b8705e450770a16c182fa4c8b189b182cd4488e3ab543457a412a507', 1, 2, NULL, '[]', 0, '2019-04-16 01:30:50', '2019-04-16 01:30:50', '2020-04-16 01:30:50'),
('f1eb83e2a2648a7b4a04b990db3fff01b9a6a10eeae0651226708b30a38894c30dc67501502004c1', 1, 2, NULL, '[]', 0, '2019-03-12 10:52:45', '2019-03-12 10:52:45', '2020-03-12 10:52:45'),
('f6d7b755f186f2012aa2c16ffb4050d910544584a2ee1bfe790a32065e9a22adc89194e138b305fb', 1, 2, NULL, '[]', 0, '2019-03-14 22:40:23', '2019-03-14 22:40:23', '2020-03-14 22:40:23'),
('f78c100d3ab26f4aa78ee8cd7292ea6ebf1e1fa83e6b62df206851021c4814221351c4616ba0ded3', 1, 2, NULL, '[]', 0, '2019-06-04 10:04:49', '2019-06-04 10:04:49', '2020-06-04 10:04:49'),
('f9db112547122cfb3992772a25b64ef2f8d78cf7f873b21d313a35c665a82d7a0f15feba8957e985', 1, 2, NULL, '[]', 0, '2019-05-27 20:23:52', '2019-05-27 20:23:52', '2020-05-27 20:23:52'),
('fae026848aec1de12b633bb845ccdd6b1e30d0c98a194e97406d23e58fe1500943f607009d596574', 1, 2, NULL, '[]', 0, '2019-02-24 00:59:56', '2019-02-24 00:59:56', '2020-02-24 00:59:56'),
('fcf3e3313b132a44c3d2ee221668de59b28fd61febd01d0625fe816050a2eb6aaae693e0aed4f6a9', 1, 2, NULL, '[]', 0, '2019-02-11 13:40:00', '2019-02-11 13:40:00', '2020-02-11 13:40:00');

-- --------------------------------------------------------

--
-- Table structure for table `oauth_auth_codes`
--

CREATE TABLE `oauth_auth_codes` (
  `id` varchar(100) COLLATE utf8mb4_unicode_ci NOT NULL,
  `user_id` int(11) NOT NULL,
  `client_id` int(11) NOT NULL,
  `scopes` text COLLATE utf8mb4_unicode_ci,
  `revoked` tinyint(1) NOT NULL,
  `expires_at` datetime DEFAULT NULL
) ENGINE=InnoDB DEFAULT CHARSET=utf8mb4 COLLATE=utf8mb4_unicode_ci;

-- --------------------------------------------------------

--
-- Table structure for table `oauth_clients`
--

CREATE TABLE `oauth_clients` (
  `id` int(10) UNSIGNED NOT NULL,
  `user_id` int(11) DEFAULT NULL,
  `name` varchar(191) COLLATE utf8mb4_unicode_ci NOT NULL,
  `secret` varchar(100) COLLATE utf8mb4_unicode_ci NOT NULL,
  `redirect` text COLLATE utf8mb4_unicode_ci NOT NULL,
  `personal_access_client` tinyint(1) NOT NULL,
  `password_client` tinyint(1) NOT NULL,
  `revoked` tinyint(1) NOT NULL,
  `created_at` timestamp NULL DEFAULT NULL,
  `updated_at` timestamp NULL DEFAULT NULL
) ENGINE=InnoDB DEFAULT CHARSET=utf8mb4 COLLATE=utf8mb4_unicode_ci;

--
-- Dumping data for table `oauth_clients`
--

INSERT INTO `oauth_clients` (`id`, `user_id`, `name`, `secret`, `redirect`, `personal_access_client`, `password_client`, `revoked`, `created_at`, `updated_at`) VALUES
(1, NULL, 'Laravel Personal Access Client', 'v3PIeYTVXN3HkIbKAPVpBv3NJWozAXftywmklhAa', 'http://localhost', 1, 0, 0, '2018-12-22 21:57:22', '2018-12-22 21:57:22'),
(2, NULL, 'Laravel Password Grant Client', 'wCADFSV2ySPTkL59VOixIFHMDZb12e1ztlG1Kz5w', 'http://localhost', 0, 1, 0, '2018-12-22 21:57:22', '2018-12-22 21:57:22');

-- --------------------------------------------------------

--
-- Table structure for table `oauth_personal_access_clients`
--

CREATE TABLE `oauth_personal_access_clients` (
  `id` int(10) UNSIGNED NOT NULL,
  `client_id` int(11) NOT NULL,
  `created_at` timestamp NULL DEFAULT NULL,
  `updated_at` timestamp NULL DEFAULT NULL
) ENGINE=InnoDB DEFAULT CHARSET=utf8mb4 COLLATE=utf8mb4_unicode_ci;

--
-- Dumping data for table `oauth_personal_access_clients`
--

INSERT INTO `oauth_personal_access_clients` (`id`, `client_id`, `created_at`, `updated_at`) VALUES
(1, 1, '2018-12-22 21:57:22', '2018-12-22 21:57:22');

-- --------------------------------------------------------

--
-- Table structure for table `oauth_refresh_tokens`
--

CREATE TABLE `oauth_refresh_tokens` (
  `id` varchar(100) COLLATE utf8mb4_unicode_ci NOT NULL,
  `access_token_id` varchar(100) COLLATE utf8mb4_unicode_ci NOT NULL,
  `revoked` tinyint(1) NOT NULL,
  `expires_at` datetime DEFAULT NULL
) ENGINE=InnoDB DEFAULT CHARSET=utf8mb4 COLLATE=utf8mb4_unicode_ci;

--
-- Dumping data for table `oauth_refresh_tokens`
--

INSERT INTO `oauth_refresh_tokens` (`id`, `access_token_id`, `revoked`, `expires_at`) VALUES
('018c464f39a9be5278d12762fb4ba1b7b966fe097e1db8b79ed676126fede4736dee34e6d18bfd85', '6c59e438178a896c4f07c66d1b9562735ffdfe8b9bb62d86ac962e07a612b02a6d9b15a887791c50', 0, '2020-02-13 19:34:52'),
('05fe9be85279b1bc8637c9d1e71f9f8ffa7e8dcf57455f7d1c7dcf360b7a787ba0dfe9e80d05f416', '323736c61157aee50c6e88c31e461dd5f05f7db0905fdf585fecd5b336f5cccf4713ae95f952a215', 0, '2020-03-18 13:14:00'),
('0866e953bca7876e6f7008bed5ed3a0c2d686fbb0aaa6490f98ef98df9d9af8e1917838bd16a8043', '6711742d184a8a609fc57d1c2f5beeed581c48d7aa1183cfdb506e607f3683ccdce683a0cf3fa8f8', 0, '2020-05-06 21:36:20'),
('0881554d6ee166862fdce666006e99a835b3305cdfaf75b23b5c1879fba948dbff1d966ca1be4415', 'df8832f05287d7cd6869724757f715f6fd8c07b84911d8823a26cabc790c099e265ddceced9b895c', 0, '2020-03-11 22:59:59'),
('09d93699b51589e5b3d73883424718a325f02c516fead86a91eb8ed1d25a6fe5e39df8c4f8c7080d', '2f7d28383697a455d48c1f58074be39878a7a5bb666a1bdb8a496ef3f6d9242e303693dee290e457', 0, '2019-12-25 00:13:00'),
('0ab151bb03829a1f7a2fc81b31f2359fbef342948acc2ac32df87272988b386e0716bf0c9c842178', 'ccac469e50a55802f3b7bc65aa2914fd831d7697b9ba2d3364346b3ad76093292d1b2bcc532386ae', 0, '2020-05-23 20:30:10'),
('0de95a613996ccfe48a4c4e63bf6c567b541d986b1e0118f2a5970ff8193559c05663ec5c9f72fbe', 'c6b63ad683e1d46f4dd29ed5db4018deb52eebc5de90a673318f30b881cbb3cf4a0c27ea353ad784', 0, '2020-02-28 17:25:08'),
('0f7c31b5a2ac26244f408eb7463b09ee13da3e6d773df00d6690716bc4c4e07a15a324e089f3111f', 'ed3f15095040c70ff98d7923b8705e450770a16c182fa4c8b189b182cd4488e3ab543457a412a507', 0, '2020-04-16 01:30:50'),
('16483ccc8f90f79d86d5b2631289cf1f953cdd00a051450699dea7635ab7622c68d27997acbc1990', '5c1fe62fd3d4a59fe9a370cb9412c5d8c2fce8c5d42c604393d7572ad8d2baa01df4127aac364965', 0, '2020-04-24 05:13:19'),
('1709918cff72da33be36b6837b0b303037bd0fee9f748240447b64d5773690ce9a003d31d4b97dc2', '979127aa0a2313f27a559b369c5baf5ee97c779f1cf92330cd2409b10575208d200dafa5495566ce', 0, '2020-02-11 12:14:06'),
('1b1c73bfbd0436d2f77a989a27de3aa8c67f1e29032626d43a4bb91771fa696d107d19ce3a759278', 'fcf3e3313b132a44c3d2ee221668de59b28fd61febd01d0625fe816050a2eb6aaae693e0aed4f6a9', 0, '2020-02-11 13:40:00'),
('2055e7d32f5997fc96c2a302fe62b476103de70db2d48877f42298f2754ac321cce499a39dcc67c6', '9773290eee45287db4cd801285d429be815b9a2e6c1d957db7f3d01dee58c276c6e8868a7ec7631e', 0, '2020-01-28 12:38:25'),
('208d2e86aa8981c048b284e8cf0f8f6de2ce47e1b09e22e676be491241163ec4f3788b21b6efd73b', 'e416aad35d32cd2425e489ffab392cc3c4a1fe200070a3321c9b7ce56ca0524957e4635e565145c6', 0, '2020-04-30 03:11:04'),
('2377378349c1fa737972454ff2986dde48ea2e73aa52897fa59830e958e4d008ffb5a4110c3e6c7b', '2a2312c0b829ca83cff904b2bac3b52b817c50dfb35734657f28b3223bd5385e20b221c01edbabad', 0, '2020-05-02 22:50:08'),
('2398a96161f5cf3ee29c53acd6c71b9df622a9f7059b0ae5a7e9e911cf407a6468249ed6b1268119', '137de61e823a7cbfdf368e4bb30e1ad370db7846533d88098cf56014e018c2e0505f730ded93c398', 0, '2019-12-29 18:47:10'),
('254d20e56a180e1cac7d675dffefec715f5b2674ae6868fa12484517f54ed7ddde9f6efe6cdae57e', 'af514c98387af98cd36082e97e066094bf35bd4bea97ecac0efc764a40b12ee07260cb25fbc9f3d5', 0, '2020-05-23 22:44:32'),
('2b67872376ab2f796324762c22f329ff0b07f6d1ec9c07baac66891bde5fc1883b9b00e9944815ab', '4f83217e36f31429360a97020ab3469ae45a8cac169bb8b884cda32c2e3204b437b3922ee05a9a5b', 0, '2020-05-10 01:10:07'),
('2ed0eca52fa109c8bf3fbd29fd678c8043f742f023d549ea7416b151e35cb6b94e114815fac0b8df', '1aa8616378b9492999ae85357668552f35f83c1bedf9d8cebf2337756294bac392280aa6a42066cd', 0, '2019-12-24 23:45:52'),
('3068f587fc7910ee93cb7a4e7b49198ad3a823779d1bfe2aea01d9c9e8b75906cf26d2ab8a2a557a', '50379c56a2b046e48655ada9917f5133e17e3393e22d1ed790c212748e064c9b9d064bbe025aae5e', 0, '2020-05-25 02:37:35'),
('3086d78afeccfa6dbb9853609efb64200c2d22db2a900bde8f670adfd8b5b7a751e6b78e12c2c49e', '4f99bc60890eda440bce821801ef609488abcae4681a4d31399c499549a6ab509f193e033f96b02b', 0, '2019-12-25 00:13:29'),
('31acafbf4b61e414cadcf0bacd6dfd58e980adc15bdd1778405e563483054572c712c3cdf9207588', '6520d2e75cf7dd0747513877a9bb43b26276429460e6340346795b85c5836e192d56fab4c9c65a26', 0, '2019-12-24 23:39:47'),
('31af7406dcfc4191f7543ad27b37dfc6d5295ae72361066cb0af02dd3146874e5ca208ae9b93fbdd', '9f41e35e354107de7e997768476820a4b3b097dedaa42259c9b3208800234cf3506a61e6027e4bb8', 0, '2020-05-02 23:58:54'),
('33d408129408330a4cc12f258dd29ba047127626352cec037c6fc18e1e68e91814580e268b1430fc', '9e7cd85270f6e444a27aaa7cfa5b6491d3d346c75e368d3cd274e3912509373ab09c600890a5e089', 0, '2020-05-25 23:35:09'),
('3629441184a0824302a822c806accd740e5e4276923462c5bab8863d43b8a5279ae56bdc43b06c41', 'd68b1fa96935ab10b814db2bfa971854271a8ba8e929b159661bc7e360e3a8c03aca0b960782756a', 0, '2020-05-08 11:30:43'),
('36ed49381cd0ecb1de0013de4558ca02ff6678b2f08e421cb4f8afa86974238cec8c7d1b0639008d', '8e4c91b9f60465b9fe6095a08ba1d8e992117b1734312921f7cfdd2230675de61034454ac3c4c98b', 0, '2020-02-14 05:32:44'),
('38833f04c523b1636f2ca7b9118c1d36a8b2bace3b4a1c4e5fe2b53623348c0a48d9854cfdb6229e', 'add248dd5f47920107830b859141debc7739fe20c520062bf0d4a83b35be832b8bbcd75e925deb93', 0, '2019-12-25 00:04:54'),
('3be94dca86e44f475d46f95585467364664af8f3d84f10af0711b1debefa26b21ab5dd4e11863f4a', 'f9db112547122cfb3992772a25b64ef2f8d78cf7f873b21d313a35c665a82d7a0f15feba8957e985', 0, '2020-05-27 20:23:52'),
('3d598c09b2fbb078e29fde52c43adc31717494b01852ee69d1128e394c382a0d219356109af27ab2', '7219fb76fe24042d4f57b440c51dc9fe860751fc97d5f7d95a1284ba70c131aaf657229a1652f49f', 0, '2020-03-02 00:08:21'),
('3de235e92539d652a400402a2d05d571ba20f9a011e8657daf056c1c5537f8a74f6bde8e99e75acc', 'f1eb83e2a2648a7b4a04b990db3fff01b9a6a10eeae0651226708b30a38894c30dc67501502004c1', 0, '2020-03-12 10:52:45'),
('40b918baa62c1c3d0231323482381330e7045f87152ace00e0fe760b49ea84e77a974d17821a2ae4', '495b9120a1883fffe93657316417b9994d2c8077a4f594d5f3b50bc758db4a797f711658593cdf84', 0, '2019-12-22 23:30:18'),
('4128bafac7e5f81d47d619bef39a3b2188c27879af5d3ee2d86266d3ede718fda5506b59c96a7d8c', '26100eaa5e068914b03d6c473d2654516d9d3ed079c15bc0fa607ed2918468033dfc02b4c06a402a', 0, '2020-04-15 21:57:16'),
('41615671ccf5380a8799941e67ad92c1eee8d0819022c2f9e86802ec14ff8d9fc65fd062f6dbc8ea', 'bf0406636851f4b61a15348a49285967e4d9dfd277cc88c419e53298f2d5766a66090468475548d2', 0, '2020-01-28 15:23:37'),
('43cb7702183ee0d4c6ccc9c68a724192e4f6c3bcb9abbd2e3d31eed0d78c4c21b9c7f1f753ffbae2', '29985d9bf4fe8fe83a3c842dca24bfb887f56e4bee95febcf1d17354e00c8d25e27b3b34a39fefe9', 0, '2020-05-25 02:40:50'),
('43df4072fccd846fe4330ded19f847bed5bdbd4e2800abf3c98456e27eb61d5fa7531a13d17a3cc0', '9aa460e94cc863d4c746833f1aee2261929ec1571f7684ad110b9cd5898d4540db05c08396089260', 0, '2019-12-22 23:37:54'),
('44cee7c0d7ef8ff7bc93d395ff2454e29bc75f9adf119106ffaf2b6162f179cf52db26ae1151700b', 'dac5914670ae24ccb4c2c7124b8aecf9eba77bd2a3d285b3d2a370bc78778e17402eadbcf92075b7', 0, '2020-02-25 23:39:33'),
('4575206545d0ffd562142ff06c87f7afb59a334d611c691548da3adca4750f244c30bee71b9b0456', 'b793f4a1e8641f7ac551d9af1c83adec100b9834f4e0b475f8b91cd01a2cc753c6de2db1fc6c11f4', 0, '2019-12-22 23:29:26'),
('487b5180eaf3f6f2b3b840f8173f2522463d9d776326bf9bf84c359a4ddfbb125e8ce3ea9d27eb10', 'da8c6237b880c1d0de7fb0e3625aaabd950d4a44b2c3038824a23b0287bdf37e0be0218a2c764400', 0, '2020-03-11 23:01:44'),
('49fbe3b3e8250cd2faaf15f87fb32f5f50bd9be13913200d683fbc14f2a6a569d7db061d55330e11', '6e1a649b030337442549a47009f90fb7fd23d2864975e74d6e0d62d62770c4373815135e2755868e', 0, '2020-01-28 12:23:19'),
('4b1744cd7dd6a808b257cfff19cd71d2e0536290c8d43c60f4a0566ef2be4765bbfb7076d33f50df', '613cf7c822a7c5647272a639c02043a4f3fd47fd091c4e3337890e495250ab03a8fb4550ce71c92b', 0, '2020-04-15 22:00:19'),
('4c43c877dfa2368db40703c3e6cbfdcbd2685acdf56de4eaa4c78968e2a3ef0d86afb604335c5a95', 'ce3018d30f67d2a7439f58999170ef5063a89bc8359f863499531885dba43f73f282556ffdf31db8', 0, '2020-05-27 10:30:09'),
('4d5e1d7dbba3de82e0f4f34e2b79d8921115d6610faeac6a1eba0008ea2bf94f341449b1ff310efe', 'fae026848aec1de12b633bb845ccdd6b1e30d0c98a194e97406d23e58fe1500943f607009d596574', 0, '2020-02-24 00:59:57'),
('51679dbd3e427370dce02189f8bcfa315719340dd2e587b1cf7120b9204882e942a0119b9c321c59', '6ef340a7837779f2f4171dd0379e3d39f001f8b76eb17060f17f43a116940122843a5c4e9607eb3d', 0, '2020-02-21 00:15:23'),
('52a7b5c02abed0799c83743e6da5508ee436b2ce1670526225cd7742a4c8d8941abf6b50ef24453d', '71c4819c030d7024441827f6f1bbb053d22a31883c53ae41c111fd70d69f4fde656be31a159a6df0', 0, '2020-05-26 14:39:18'),
('54b538632aeb83b05393e976cee7ef19335c7448da8ff5eb15ac155a19305f31a6425cc1af00074e', 'd6715c981084ebb07a98c69749f7c20d3a97f24aee8fd500bdd221001f1fe6a8ef5849bda9f94d57', 0, '2020-05-11 23:26:47'),
('5597deff80c96a636be93ea523a89488e893b8d9753cc37c9c79cafe54ba99e4d4aac0ce8483a20b', 'a0f13c1f037193fdc57c8eb024225ca79a3f58b48eedae46469b00b96c9900729f29cad81901d1f6', 0, '2020-01-28 13:31:26'),
('5668e12d686242e77a763b208a09135c44553002e3b0910033887b6a15c1e3d4f6a4e6909b325423', 'da7de5d3bcdb9c23a827a863fcac48f7ae385c8a03a181ae42da6594279ed8da5c7a7f1b8806468a', 0, '2020-02-13 18:55:16'),
('576f15dc6fd0871d9c367595ef14cf441a06b523a2692817efdf0b63c9b8ceaff9490f337e89367f', 'b04c61fbb85211664a8954917fdee751ecb01598c9adf256457602ef706ba877ef7efaad83531a79', 0, '2020-02-13 20:24:04'),
('597cf14d4943d0f69bf924c38c18c3fdc556e500ae50d92681654f590b1c79142bc394be8509f518', '1e9bf0be90a1cb26afb97de3cf33034e587eb61da889ba1e22ebd2dea557a22139480e2a459c50c3', 0, '2019-12-25 00:04:33'),
('59accaa0dd5b0b74fbac6d580736b9c5dd697f0bba20b9dab271427884d27fcb85bb870d388229a0', 'df1cd4aa4e28ba55d7b8b46c08138ddb80863236b4e244051c2e08f7a93f1f94bfbe146ac6a8cc32', 0, '2020-05-23 22:20:28'),
('5a60301fd26ff8c12bc1aab99755b614d0cf7fbd7483f1749ffb52f76a863ed5fd1e1697e92760b9', 'd6bacf3360468e8141a4ed788f65c4723753f58cb099b3a2b73d54afc07d0da4963da4739a9805a9', 0, '2020-02-14 05:34:41'),
('5d214a9e5ee262eb554b4d60031a2d76610e4f4da1af3ae33be1c52308e2ebc726a5d57514767212', '644628f2fa19c89898134cada68458cc2a37fd5549b12a6d532743c5d2698674f910e64b19073aa5', 0, '2020-05-27 11:05:51'),
('5d6d98b32996760d17d110d7992ee7f5d2bc14e765f4064690afb6e62985b90e8c9a9cef32418878', '39f124a0e2ef95f910f0f64f19c1954e5749acd027db74166fd2b0221325a7e4f249d432b523fec9', 0, '2020-02-24 00:43:43'),
('5dab627d194db22d82e5c2313005c21cf28a53a58683996c3ea6d3f3a480e909390b9b8a1d9d93ea', '22cd948091d7d69c2425c6ebc7a305409b72c178ebc8137fa4cd39ca3b87f65d1e98e8219ade69de', 0, '2019-12-22 23:28:46'),
('5de63686f4dad65f215d5f81a3354df438f3281e69bf60580574c4e5bc5898b718687daebe789694', '62717b517c2402d9dc7695f0c994398108d4e498f533c112e530fe75f068c9b86e74f54cb1e1aa34', 0, '2020-02-13 20:29:36'),
('5df9edbac5cab2f681f5d37f9c62e65db7ca911778fa844c3269cbf15724f83e88632a59e98d0fb2', 'a9e134aba9eb6fa603be33b92fb98a7dfcbb8886587a654321834bcd362cb6030f752c38ec20fcae', 0, '2019-12-30 17:52:46'),
('606e1935bb58a3994959eaf94373736d6f89cf27c1fd421f912fd2b2ab8fd7cf01f93cb00e3176bc', '42e9e9054577ce32bf921f33997dcd0d46c053efe9adf393cbc3053353b2d0b63baaafab04845339', 0, '2020-05-25 05:03:12'),
('60b8706f81d7d7df8adacd3b1a51419a4c944b05fb44a01611a64942a7cf4203ef76310a0065a079', '0f3106a924525b3a89e5be060d1929765f6500f7e59786d72e6ceb93e06a938abe0f068c7b91e3a4', 0, '2019-12-22 23:35:55'),
('60c131b011e61fe9aa2d209e4632ac955207663c5901f22406a7be3495c232f9984d1eba24bb8942', 'c884767ed245099989cb28cf0acee1b049c7abb36bdd5db587805e44f82e2cce6b4623d8b3fb3aee', 0, '2020-04-26 19:18:26'),
('6113c7ffa081cb16563eef03f9ac6dc8a6129c676fdedf681b4c0a9fe0f1ab90e3c6569bc8679432', 'ae0a876a06ce3946c6ddd83361c89b8416b16b7923663355719641d1d39b2d102352c988afd1ee4d', 0, '2020-05-06 21:43:38'),
('619ec1492a85701a84e68d00c58423e53dbb53d2db94d278aa11e33e052d979700d056fad3abe4a3', '9ed527beccb0ee8247ba421be6287f7076861a95baf2f5d326f47fa25f4ec36ebabf61eb5cc464b5', 0, '2019-12-22 23:24:03'),
('6e3486e8852800ec15a4cc9a77f276d86e88a825b8db2f7cfad8d6e2dcebd61095eb06c77d1a5f31', '53aaad145b0e6a14113f5a09f14bad740e85e305a33154db41898a0c766d11f27523e07fc45b766b', 0, '2020-02-24 21:30:43'),
('6fe59b6220a3e22de2eb34b7ab0704f8b2b96d68416542a148b3ca2136436e4152d9563d5503b936', 'dfdd0ff9ae77f3cfa9194fcbfeb2abdec88f9a3c918b1e52cdedcbb8f87b54a41dff095a58ac27a7', 0, '2020-05-23 22:18:45'),
('71d7412319a39478a1d68ec3cd0b91b21047ff0df42a19be9a12700e09cd4150771a667d86da5814', 'b511306668758deddc7a4a7d8722d90916c56921efb39e868697cf85ff52858ffca509b17dfb42b4', 0, '2020-04-27 00:46:58'),
('72ce01f14f44dfc63bce35b5b9259eebfd78d04ced813eb921d587d0b808ae6db8b2f218343d1b30', 'a933d5bef3e525dcc984ca36ec7cf1c11d61661b395b7e5b0d6a886459c66681295a3cbe9f6264b8', 0, '2020-02-21 00:15:24'),
('7bac2e3aad9b52be64267fddbd0d5133171af8cba9850ff675cdf0ca4fdd391ac83063520f546cad', '6587b3dead4c50082be59b082c1b83965b268e87f2b75af46bd75056543b1e5df1dc4025312495ad', 0, '2020-05-08 10:26:57'),
('7bdb7fed5eaf25ef084dd78c019cfad4e4a6fda1821c2f658e1504cee1c31cdfb372be9f595cf24b', 'c76f557c3d09059e49c9457e2925eb587b41a759f759d07745a46302ccd89f9d5cbd4fdfc8e0dba2', 0, '2020-02-13 20:42:48'),
('7d3e23770217b0fdc597557a6138f214fefd27250d0235530706e9f895a2cc5c19a48601fa63f6fd', 'b6a8ee54b1f84c37193b389f1714a98c087bd1ed14a11ce7b70ff3ef0788d8c3011abcce900779bb', 0, '2019-12-25 00:13:35'),
('7da338e562c6c5321fa0671345027be2db19b6ec3481d677bdba4931c99fa3070d400990174de0bb', 'd94342cc1120117a2e74364305f0acd5c6dc7414a67dd55fb9c358a79e9babf71afaf5dc315519f9', 0, '2020-02-18 12:59:54'),
('7e5e44f4736ba0e8a72909525c61213052056f8408763d43b5537ebaf8b6ceda20b260f52ec42408', 'c4fd9ffd71f10dd6f618cfe52c558d4e82379aa6f81a7a287ab1e0f9051732a88712356ef5c03a81', 0, '2020-04-05 16:14:13'),
('7f2da0b1bd6b0edc69d8556f28ff030f29813183b9e260cc241ff532bd0d29480bead80a6fa1a149', '11c7906c33a249c3d27de1e76e4de96aad31b03912aa8aef93c45074773240abbc862294239b6ff6', 0, '2020-05-06 02:27:05'),
('81a55dd4de645267535320c84bdb50cb9b7cd77a4b106f237e70e0f3d157499f760411c7e647acc3', '2c7fecd35dc9b1d115efb13cca78e7f9e20ed61c669a923e6c1a8947731af2571e189691ce9bd1aa', 0, '2020-05-02 22:57:35'),
('82b805938245db7af889b8cfc10388903b3fddc1870d7164a7eb49a7693aa2089dda173ff3bafca8', '1f962eeca3b4a286ba0d5b0ae086c817b217ff9e13f894ed7ccf0eebbd0ff0526aec1bf3894ab10c', 0, '2020-04-30 03:59:22'),
('83418b9ba64159573e564e3e8fdc910f3a46c06b5a6b2b19eed71ffb7fbad54c6abc84d0faa8bc91', '91797168c9c91c766c00cbe8e1f8bc37bba58ba77f3f17c7d50d289e0343958932edf08724a9f6fa', 0, '2020-01-28 12:40:49'),
('874e314b0d0439e5299c40c1eea47d016c2259d069beb023a73eeb05b794ed422ce17c6837c4565e', '82e1d15e6e101570b077ac45f7d908ccde320c303dd4d0d628a9cf1140938d0b044e8193628b598e', 0, '2021-01-13 01:14:43'),
('891edc53a880ffb35e45617c47bf103612c764294f24b305bd46f839ab503f3f31ee4391d845a22c', 'baf327aaec4306fc16357b2fef1df6c475f7291a653ce9c0696e43f98116fb5618e575751e13d3d8', 0, '2020-03-12 02:06:25'),
('8da4de1b28eeaa58fde3f37974d3c8f139eafca7df5cc15bd514c2e64a635509d3afa422cbd7d074', 'b4fb42b50a5cbefd7a5045be9b17c4c52939739bf74568e9972773140967c9f3fa599c0b90519140', 0, '2019-12-22 23:31:25'),
('8e91efedb4bf14933e74332c1284900a5280c20c8ff7503682557b0909bb2d5aafd144afd29cc046', 'e01b060f630b9440dbe1218cc53f9e76bbf58093ac0dbe7e117d05ca40a20b0bebb79e1718ea653b', 0, '2020-02-24 00:43:30'),
('90f717704d5056a47455e2133820174c3272f1631eaab51ebe1f8474a8072ef30b5edb6069c3fc97', '8d2ecdaf5af2222091cc08df34684cea29d2a306ff689e66b41ac6fb6c070986e4e609a8f2909951', 0, '2020-02-13 18:53:43'),
('954c1abbc26e13c6f79a12da9f3018a1db5bb9b3ac53545cb920da6bba26dd8adb1ef7fe3302d3d6', '84cc24146ddfccd45a22b424a5b9e2e22d784b08f9d2c9c131286d1c86e0745d63469b05c7e1e47c', 0, '2020-05-27 11:09:35'),
('957ed65211084e75c259e9b4c93415b8bcb1c187efe44bb76b798682dff0d03d2953ee766730f2ab', 'd8beab5f242512d653703e5c913ae44562049d7809f1f2344e559a59af8cf14e97ea62902d755587', 0, '2020-02-18 13:01:16'),
('963ecc6f808b470ef1d148aaa7244dde300a3ba7446d82bf916c73aaa9b49ee9c7f49a9ae99af080', 'e516626c01bd0b777d22b5b4f0c8c606df0e6e972e4138f6610c1a441fa42d130a3ab440a5195bc7', 0, '2019-12-22 23:34:39'),
('978f9b87ceee0404863e45fdf832e0753b8c855dfb7090ee5bbcbacfa182b49da9c2f85a4ea92fe4', 'a65ddc6a20151c6423305ddaea0219d04265954601d93613aa8e3f29e16661379244eb1b362a8e9d', 0, '2020-04-29 01:02:20'),
('98b61f56001f84ff7711567756ff4365d08514dd4d800b3ab6c47a4e33653959b249aa3561d760a1', 'ca6b3a715c935da1fe4de43164404f8628c120186b6d9c87ea9617f5400704f9014ee64500d312ec', 0, '2020-05-27 22:03:25'),
('9a8f44119c39d185b665db5a42868d6776bc5ff6d1f2f7995b741508f38962a00db740616934f06c', '1d92ef6e2769d207a87ea21bcc089428457fd38fbff135742f9f1e04e6dc3b63cd16b385f25a754d', 0, '2020-04-15 21:39:27'),
('9c9b0a97fbb20fd08a6c6f6c04ed45321908d5e26222a7acc3e9d024605faf753e1f82472658ed43', 'b903d096fcee884f3e381c3267c5bf8699f39e41da9d81cf105a33538708f2292ce3aa3d1b098d51', 0, '2020-02-19 11:39:33'),
('9eb16f63267bdc1d1b00a7998bb9a8f519e6066adecb6916109bc1471b236ee98c98bda9b521c5b9', '507c8a6bb15ce72aa9b58eb5a79a7f4adbb45e74dba7502bf8c3fe7869fd8486a59342115d12df61', 0, '2020-03-18 19:43:20'),
('a005b9c80ebc6e075e183a1d1c26381f929fc9adb232e49106cc7d0db1ce2611eb9b4c97c6584e85', '152a05020938d2869678c44cc0a5949a7baefccf736025aaf1eae19d92f8c43c7d8dd34fa0032b38', 0, '2019-12-24 23:59:00'),
('a0299e176abd837d846b0bfe7b5ed03dc7574b5e8dbf7b3a2013728c7ae8197da2ed9c65264cdec5', '6e51e851d6bc1a64020f188bfb570e2e11cd9a6ba466e71df49c47fef64558aec7f15b25b477157c', 0, '2020-02-13 19:08:53'),
('a07de34d6dfbf9260a943eb511c7e8e80d2967f8c0c34239fb7b10efa1d42e1f21e852e649bc27bb', '7250222fc28e5bdd020c7f5aabfe9fe48684dd786d17482e9016f0e3a99d05231f61fe36fbe406fd', 0, '2020-02-11 13:37:43'),
('a0abfebb9d044d1e99965638c70c7346b8ad38badc837170a5a9c6d969a2ca61426fb1b23dd49bf4', '771678c257ecfb8556a10f9abfb6749dc0dabafe6421c96c1d2471b5e59d0c2d95e57a0bfac716db', 0, '2020-05-25 02:51:27'),
('a1392f5789d95c66c37ef916c20934c0d5785e4ade1e5d3e55ca11a9e08e5922a471ca59501f6e07', 'f6d7b755f186f2012aa2c16ffb4050d910544584a2ee1bfe790a32065e9a22adc89194e138b305fb', 0, '2020-03-14 22:40:23'),
('a20cdb4a94545cf6425ad25d2075774d6fe1bbab45d9802909333c3aa2e43db3161904e536c432cf', 'bff1d552b004ff6206d610d4ca8f1b7080b68d32b29838b471e10ee3cdb682130b1437167d6fd09e', 0, '2020-05-25 21:56:22'),
('a539eabdfbd1499cc881740013c35d654e3078ce8d8f152505ec0ce511894d615653fec564261a53', '530f2c79ec9c10bb404f516b2ceb90b7f74feda8217d24018610949a3c8317b6469fc074be13055d', 0, '2020-03-18 19:43:40'),
('a7002693ef466a9e957a93e7dfeda928f00b9073d6c3f3ea729d47f5a3af65f386601d43811c6ca5', '5dae06b85221796c2ec896a093d2cb087da5f532e3b2a72c75feb0900d8e0fdacb16f0c8b8ddb2ce', 0, '2020-05-25 04:56:07'),
('a76c57d37ca9b09309cfd00400df6e9f2cba646a091013309092a158a0a889ba933eed8c35bfa1af', '6bd12bf9505514950b6b3b015bfb314c0d763073699d1082ec93aee46647b1d07b1ff7d7ad8bbf53', 0, '2020-03-06 04:37:44'),
('aa0a0ca5132eb408d18b83260f3e63c46ea57db1932f9b58660d9a40cd3cfb691bfd5105f322d891', '24116cbfd320fc4ba7f2dfd66e974d717243da8d0ac78e09105f13fe743aea4ec2d9af4b39907c63', 0, '2019-12-22 23:33:45'),
('aa959d34057c3c98c3da3b6f7b0bad95a2f65217778f9c2c05ca3761b257e58c0c889acaf455531a', '763a328414f786e706066dedee80ca3503384e0116cd219bee2b4612ffb4ef83a6b60e52b6920d51', 0, '2020-03-11 23:09:09'),
('ae9081f443b918760502afd5031e8820c5544e5ffffee751dfda39712f4068343a2ab2b2173141aa', '17b0087d24e278c3d3ac70b5005bba983d0e8d3914dcaa5b3fcc475216cf7d3904583e30fdade233', 0, '2020-05-28 09:26:12'),
('b1440bd5ef5ee950dcb1ff8b4b1d52a937c342b930a4e8e8922974f629eeaaf8771c894c0cfbd154', '42b67098ab91d6235254cbea957d0532fc60fa3c2ad098aee3be0de6bf11d2fa8fb042b9db8f75e4', 0, '2020-04-26 03:26:03'),
('b179a0251c20b1de88899dbfd5ccaf31aed30cf30d4615083ea5caba5913b710a3e181f7f3c74d67', '96bbcb4d46c06d635000ec71fac506fd215f7f91ef6f27644a7f66b02440421540939ac4ade8c713', 0, '2020-05-27 23:50:40'),
('b31f9d067574e0fdd8241175ecfe2eb6265488ab8b98c25be9323479ea2c2bb1f99e9d606e5860e5', '3082f77d34b04ef16468ca34b9f096926a3f73a96de3fc27a5615d2ffb09ba1cf0dd179dcaeb1dee', 0, '2020-03-01 23:09:53'),
('b3829adecb10d58ece3ee31b2e6f9a69197a600b05abf4971b47e3f9c9945494ffd9cb5a2df5c7f3', '68de2cb10752378ea3cc9e8c0f787ee45ec1efd4af161097aded8d8987b767b85acdc41afc1bd4c8', 0, '2020-02-11 11:51:05'),
('b438fa0c783ee82e25d527c3a4efbcdf08507bb408d2e4ed603a1f3f9ee0034854a5b1781fc98149', '64be8cd655163e832d53298e85aa40a58188cc115828426f2d4fcb77223f153ce24e20502e124470', 0, '2020-03-04 23:54:46'),
('b69504e7da4e1a18709f51b945010f3493ec134d4792eb7209b6a71c0b6e1685600c30a05d3cdcac', '6dda8a74d10bc012da2bf79c9f9053e1b850dded952be7f7cb5db86e3922690ce39135e2107a8249', 0, '2020-05-26 14:51:13'),
('b95e13c7bb9fc2aa32f348982e77773db481f0500eaa0748d54e90658d381184e2aeba3b4e6bdfd8', '5200b627ef6cc616aa4280ff19b4a52c1029fe0cba062630c0f49ac1a3cce286c72dbb4f8d8eb0ca', 0, '2020-05-28 00:08:42'),
('b996084565b69c406661d37072cccb9a84cd414db1936f560c2304f3b6b11c33ec57ac8dfdb132af', '01648d8fce7a4e980ecb518e6059a67ca3fbca4554bf1226f861fc7ccc56cbdb86028aa9284977d4', 0, '2020-02-25 19:05:03'),
('bab8a92ee66e00b1ce62093c4e53488431731db7860f5a6da252849d779c950d3420af05d58e69ae', '6764291072508fbd07b22cf2c85ad0e0714c24ba9d9db7ffcf17b9e8518d6144446f00af42b6744d', 0, '2020-05-28 07:42:15'),
('bb526931b99e4be17ff0fa1808e0622691242da33936aeb01d15c0ca409a9d5c38f1288b39636c4d', 'c7cf939cd2a183f3e74296a7e9a1aa30d7fcf81edde360460da4f6e155eaa42b9d10c0e9de4e5583', 0, '2019-12-22 23:36:43'),
('bc0bab22795cb6da4fae9d570deef4d111dfab43adf7a2e4921d953f7ec92f9c55f82640ac5d7da2', 'a8c9e3955559b2e5c802618cbd4391dea15d657cd252d759539776be0edcdb33880226227881d933', 0, '2020-05-01 03:14:19'),
('bcc254f5d2e3f225b8bdc30b97e4dc9d5e569d9a3b625c72d0f4f4cb8b621602474bc20f65077a31', '366cfcfee842f9d2b0fd3c867e5374178c23682c2ca344be8abd1ff02f13335c8dfb39af10269fcd', 0, '2019-12-22 23:25:08'),
('becf20ce4c5abe7976141db6c6d29b773ffda3661c124ad4d6504501d0de129652281eb4726ce5bf', '24e979a78807ad2c6c6d018db81542726641c2c92effcd28cf8f86ecd99d8691b4df219b667f8ad8', 0, '2020-02-24 00:36:23'),
('c01ec3be336566c7df3ef417715457e79544a536e8afff41543004a50b91c9dc6e15c259b9ce5c71', '99a5533d30df70fa707e7ab0ff04d560ee82bc1fe0710e35c4503eaa1e91a46619fa20c16eb3ff56', 0, '2020-05-28 00:10:06'),
('c1ed5259e157dde55ae6305be5d8201f5fa13f8a0cae3c6ae5b77ecd4b9bd18075499a83e266fe62', '20c3f1058a2d44d16470f79699ed919d50e4f523f74aefc6c23d98e7f193faa2e4c6e4e9457d2c93', 0, '2020-05-25 02:48:48'),
('c23abe71a1ef8551dcf400cff6927496a5b360f6be11bc96107b342084a0618be79a3c272d931c36', '02161bc79d3a3afe1f06b68eb0aa48f6a1e929c846d4b439cf9ef7b9711898d82ae93046770bff83', 0, '2020-02-24 00:51:44'),
('c66ab14ccd6003efcdd71ecfcaa1f17e1e03a74b18cabb3737147c85b9317ea590a0447f8f97d012', '72dade5d9b3b161808fca908e4bd0586a93928ea457a4e0467863c43a0ebed68ee835437200c2174', 0, '2019-12-25 00:19:25'),
('cc0056b25d93a022b466e7dfb7c62364ec244caddca3c326cfe27d07f9fbbb811a43bc6a7601079b', 'f78c100d3ab26f4aa78ee8cd7292ea6ebf1e1fa83e6b62df206851021c4814221351c4616ba0ded3', 0, '2020-06-04 10:04:49'),
('cdc546fcbda8e87126b15e09c683db29b54add64a14326f6a887a413aeedbb1def9a70c819399269', '0d1d34eadac7e73bdce1cb3330bf9d434fb89c8a9ce4d3e0a87cd73dc15ceab0e0290616f46230a8', 0, '2019-12-24 23:52:17'),
('cf131615b4d34ff9d30592401c6b5671deb0fbe04e85290c943b01481ea92baaff57a17854dcea51', 'd3ea5fc390a3b5d81610cce525a227c1819401bdbfb482f23215019b291261b42e8ff6d1a0305763', 0, '2020-03-13 23:48:27'),
('d0aa43f038a5864886f3af1725ae2614dc61fcd9f8e0523b0e26c4ec9965a887971c6740650ea6ce', '60b343cdc471482e3d49ff2b401c20501ef804ba6e148e5f059ea025bfafc99186f57404189eb24e', 0, '2020-04-30 04:01:35'),
('d127579a853d2748f8bb7858e9b2a6bea320f536c24f424a1f596ad9f7dd1f80dad6da334a8fcb6c', '4374b8c65b122dc89b5cdf771365b4755d41e6e6e69c9cd20e40f413e4c006b37944a141508621a5', 0, '2020-04-15 22:07:41'),
('d16edbe1a790d2c53fe4fa49f14e8cb5e80ab17322c037f3dc45480ac741f234207ef860dbbb1de0', '75437edbf4b204705522e11fa15865a83e6501d2bb8cc098599e88cf036f405133baf60d989b30cc', 0, '2020-05-02 22:04:08'),
('d176bf9ebd4a67402f9e6379b40e36ba61e97670f72e48b6f2ee2977eb53bb08de28489f32524f08', '8a9bc1b69c13f29766e861e900c9368659dde037766331796e22e3bc154566b315b499dd5a65c5f4', 0, '2020-04-15 22:01:00'),
('d5a80d28963b11722e78cade217bb62ebf96d296a0bedb17e73e4578940071fa208f5af7fcc527b7', '27b957a2d2d5b2937d4ea9139543516740a76ba75299c09d5cca33980ddd3c668e67b870575a732f', 0, '2020-05-27 10:29:16'),
('d767a08d2c75a80d2b7d229077286d3f27be5b5c30b89ef64f4b807139de1e80f66619945756eea9', '5e6ac18e2336e966aed4aa6045f820caf45925d3cc38b0f556be6c99c240d34782a76f94c1d8bd67', 0, '2020-04-15 21:32:08'),
('df8750eb7bcd5d953db8386c4daf4747149ceec738adaf18a5f7daa87063726c494e1230950f4871', 'a9532d07b3113f2f546ff56270f5a0201559634bb33ae76054b1674b2a0ef2de0f7e01b846cfec63', 0, '2020-02-13 19:39:22'),
('e07fd45d0bc5dd5d022c72ae39ebe58a2221e7d9010be2d272fd7f1f3fd186ee394e0f1b83eb092e', 'd18847eabf0e2aa36f726deb6312c2b3820d203147d37becafb92fdd6e2cde85317535ad108c4a64', 0, '2020-05-25 23:40:33'),
('ebcde3802d0a71507c6ae951664b9d824aa27e197e529e225248c26f2f171577dd99b73f7a0d0adb', 'c209601fd0c51a853ba0515b8734354dcd4fad5177dfc76c0c7069f9f132020a406da091b4ac6507', 0, '2020-05-28 01:26:39'),
('ed4e8d398fc5054312d725e88ee9cfa12743405e6f12d73761f4c4cbfe6190ac4e4745376925c129', '5f103653652365c4019a3b3f86a08b0d9742e1101034a882fc761c6389deec77597f8cdbec0a2a5f', 0, '2019-12-22 22:59:08'),
('ee3fe1f5bdb1d465290f7482d2ba35bafac45033642c8c2dfc7cd58ae77bae861e31cf0045471efd', 'e903f29bc67ef420016083b8ad274af8fb9610c14203ed394d4c828bdaccec70fd481d2e969e1e99', 0, '2020-05-02 00:48:30'),
('f0b62737967995c3e66598193614833c4416b666f582946a8d04583c3c07cd4410506d05672d6ce8', '0e4d1ce47e82bb43d0f21cd20e019114215e03f42d0467833120a628d54b274aa3a9df50d22e68f6', 0, '2020-05-28 09:48:41'),
('f3968dc631d656fe63dd37c092a4396caf943dbdb51078ab602dc771e4fb3a986b90cc260b819f9c', '1d77403f927556f57a9b451a28b1f78ebf6a2b128fdbfc263064f1117e5b5cd7d7aa43a0072c55cd', 0, '2019-12-22 23:09:04'),
('f3b9ebf842cfdc1be2276595a3e8956fe85b0cff69592a5f2e588b8183a50c77a7b207461f1bc01e', '99f99d1ca23e5e95be32c102b9b7e60fc322cd123487f0759789a22c94552cc4c04873c1554b0598', 0, '2020-05-28 00:36:31'),
('f4c310fb1dd44da4a664d5852ca87e5cfa2b7a7b6674fa1c38a96e27aa0967fe26a48d55bdfa1e02', '85a31c02b95d297b17d7cc5c4efd92ee53c77ebce700dfe17713fe038f001051ed007d9f91c44d36', 0, '2020-02-28 19:50:46'),
('f530b4a6c4e9b7e96516fd879d2534689d96f9c11bd435568c116dff6267a3c90ef3a5347d794f9b', '1d7ab574c547d1370ff58b0637c47071f56e9697480968354dab46fe143d56de262bc84fcafdc370', 0, '2020-06-01 13:55:17'),
('f60337414c93d24d89ea045cd0c4fa1d77f8b4ae398ded1a2f7cdea7362098d516a8338e97c9f147', '960ab57791094b843866c33f0048d9a37a627b55696c388ecdd6ad7c87517328e9e617a24300ae0f', 0, '2020-02-11 21:07:25'),
('f9770068e92ba5ff67c76b9c069be01c2033637f54ba437adc1d062b6d016afccd91db802efd5f4b', '1fe69f768f5d2b6ba8c6274a04464d2cb71c46c0cfcde2eb640ba54bce04809febba8cc9ad5273e0', 0, '2020-05-25 05:07:01'),
('fb968b540e4c5237a4d710eb29f03d833bb1b83d9258219942a210d371fb1cff489087db49c946e2', '51af1c44b1e7b604776194287c3a14a87c810db47fd40dc255e103c929b3747e8433aedf1bb30c83', 0, '2020-03-06 04:36:28'),
('fe901aefb990aece87a1fb3c19ad6c4662560e4cd725fc0fc3e1e26cf43142b517340ba53bbd8c88', '13fc11d9c0bc50e2e095d41f0e1627e591b597f820cd09b1cc33f3d58d4fd0333c38e12d7fb28f4d', 0, '2020-04-30 04:02:56');

-- --------------------------------------------------------

--
-- Table structure for table `password_resets`
--

CREATE TABLE `password_resets` (
  `email` varchar(191) COLLATE utf8mb4_unicode_ci NOT NULL,
  `token` varchar(191) COLLATE utf8mb4_unicode_ci NOT NULL,
  `created_at` timestamp NULL DEFAULT NULL
) ENGINE=InnoDB DEFAULT CHARSET=utf8mb4 COLLATE=utf8mb4_unicode_ci;

--
-- Dumping data for table `password_resets`
--

INSERT INTO `password_resets` (`email`, `token`, `created_at`) VALUES
('simeonnortey@gmail.com', '$2y$10$Mak3kD5w7vwe0B6L1v/3ReZQBOc7YaYjdEu8nGX6wYQbjxT1W8ZpG', '2019-04-01 23:38:27');

-- --------------------------------------------------------

--
-- Table structure for table `projects`
--

CREATE TABLE `projects` (
  `id` int(10) UNSIGNED NOT NULL,
  `category_id` int(10) NOT NULL,
  `name` varchar(191) COLLATE utf8mb4_unicode_ci NOT NULL,
  `body` text COLLATE utf8mb4_unicode_ci NOT NULL,
  `budget` decimal(16,2) NOT NULL,
  `skills_required` text COLLATE utf8mb4_unicode_ci NOT NULL,
  `end_date` date NOT NULL,
  `currency` varchar(255) COLLATE utf8mb4_unicode_ci NOT NULL,
  `status` tinyint(1) DEFAULT NULL,
  `created_at` timestamp NULL DEFAULT NULL,
  `updated_at` timestamp NULL DEFAULT NULL
) ENGINE=InnoDB DEFAULT CHARSET=utf8mb4 COLLATE=utf8mb4_unicode_ci;

--
-- Dumping data for table `projects`
--

INSERT INTO `projects` (`id`, `category_id`, `name`, `body`, `budget`, `skills_required`, `end_date`, `currency`, `status`, `created_at`, `updated_at`) VALUES
(1, 2, 'making invoices', 'Looking for someone to make invoices on teamleader every week (mostly 1 hour of work)', '16000.23', 'Knowledge in KeyStamp', '2019-06-21', 'GH', 0, '2018-12-30 00:00:00', '2018-12-30 00:00:00'),
(2, 1, 'App video demo', 'I need expert creating video demo for mobile app, The task is to create a demo video for a food order app, it doesn\'t have complicated UI\'s or workflows', '150000.23', 'Video Services, Advertising,Videographt,Video Editing, 360-degree video', '2019-06-15', 'GH', 0, '2018-12-30 00:00:00', '2018-12-30 00:00:00'),
(4, 3, 'Procurement of Non-Medical Consumables - Surgicals', 'Procurement of Non-Medical Consumables - Surgicals - Various', '0.00', 'All tenders must be accompanied by:\n1. Valid Certificate of Incorporation\n2. Valid Certificate of Commencement of Business\n3. Renewal of Business Registration Receipt 2019\n4. Valid VAT Certificate of Registration or Evidence of Exemption from VAT \n5. Valid Tax Clearance Certificate - Valid as at 01/01/2019\n6. Valid SSNIT Clearance Certificate - Valid As At 01/01/2019\n7. Valid Food and Drugs Authority Certificate\n8. Valid Public Procurement Authority Registration Certificate/Receipt\n9. Other valid documents\n\nDelivery Period - 21 Days from Date of Award\nTender Security - 2% of Total Tender Value', '2019-06-29', 'GH', NULL, '2019-03-18 19:54:11', '2019-03-18 19:54:11'),
(5, 3, 'Supply & Installation of 240 Litre Wheeled Bin With Metal Cage', 'The Ministry of Sanitation and Water Resources intends to apply part of its budgetary allocation to fund eligible payments under the contract for Supply and Installation of 240 Litre Wheeled Bin with Metal Cage as indicated below;\n\nLot 1:	240 Litre Wheeled Bin with Metal Cage - Qty 1,000 units\nLot 2:	240 Litre Wheeled Bin with Metal Cage - Qty 1,000 units', '0.00', 'Eligible suppliers must have the following valid documents:\n\na.	Certificate of Registration within the Republic of Ghana,\nb.	Certificate of Registration to commence business within the Republic of Ghana,\nc.	GRA Clearance Certificate\nd.	Value Added Tax (VAT) Certificate\ne.	SSNIT Certificate and\nf.	PPA Registration Certificate \n\nDelivery Period : 40 Days\nTender Security : 2% of Tender Price', '2019-07-30', 'GH', NULL, '2019-03-18 19:56:52', '2019-03-18 19:56:52'),
(6, 3, 'Procurement of Vehicles', '2.	Cocoa Marketing Company (Gh.) Limited therefore invites sealed Tenders from eligible suppliers for the supply of the above-mentioned items. Tendering will be conducted through the National Competitive Tendering (NCT) procedures specified in the Public Procurement Act 2003, (Act 663) as amended and the Guidelines issued by the Public Procurement Authority (PPA) of the Republic of Ghana.\n\n3.	Tenderers shall quote for all quantities in a Lot (of a package). Tenders not offering all quantities in the lot shall be declared non-responsive. \n\n4.	Interested eligible Tenderers may obtain further information from the Deputy Procurement Manager , Cocoa Marketing Company (Gh.) Limited, Room 11, First Floor of the Swanzy Shopping Arcade from Monday, 11th March, 2019 between 8.30am and 4.30pm local time onwards till the close of tender.\n\n5.	A complete set of Tender document in English may be purchased by interested tenderers on the submission of a written application to the address below and upon payment of a non-refundable fee of Four Hundred and Fifty Ghana Cedis (GH450.00) payable at the Cash Office, Room 207, Second Floor, Cocoa House - Accra. The method of payment will be by cash or bank draft payable to Cocoa Marketing Company (Gh.) Limited. \n\n6.	Tenders must be delivered to the address below on or before 10.30 am. on the closing date for the submission of tender. Tenders shall be valid for a period of 120 days after deadline for Tender submission. All Tenders must be accompanied by a Tender Security of not less than Two percent (2%) of the Total Tender Price from a reputable Bank. Tender security shall be in the currency of the tender. \n\n7.	Tenders will be opened in the presence of Tenderers and/or their representatives who choose to attend at the Board Room, Room 306, 3rd Floor, Cocoa House, at 10.45 am on the day of tender submission.', '0.00', 'Valid (Current) Business Registration Documents\nValid Tax Clearance Certificate\nValid SSNIT Certificate\nValid VAT Registration Certificate \nValid PPA Supplier Registration Certificate\n\nPlease note that all documents shall be valid at the time of tender closure.\n\nAddress for further information or clarification:\n\nThe Managing Director\nCocoa Marketing Company (Gh.) Limited\nP.O Box 1017\nAccra, Ghana \n\nLocation for Tender Submission: \n\nCocoa Marketing Company (Gh.) Limited\n3rd Floor Main Reception, Cocoa House\nKwame Nkrumah Avenue, Accra.\nDigital Address: GA-105-0575\nAccra-Ghana\n\nTelephone Nos. : 233-0302-668281\n233-0302-668352\n233-0302-668464\n\nE-mail: info@cocoamarketing.com \n\n\nLate Tenders shall be rejected.', '2019-08-21', 'GH', NULL, '2019-03-18 19:59:34', '2019-03-18 19:59:34'),
(7, 1, 'Construction of Police Station', 'The North Tongu District Assembly in the Volta Region of the Republic of Ghana, has received budgetary allocation from its District Assembly Common Fund and intends to use part of the budgetary allocation to cover eligible payment for works contracts whose requirements are indicated below;\n\nConstruction Of 1 No. Police Station At Volo', '0.00', 'Tender Security - 2% of Tender Price', '2019-06-01', 'GH', NULL, '2019-03-18 20:01:37', '2019-03-18 20:01:37'),
(8, 1, 'Re-Roofing Of Basic School', 'The North Tongu District Assembly in the Volta Region of the Republic of Ghana, has received budgetary allocation from its District Assembly Common Fund and intends to use part of the budgetary allocation to cover eligible payment for works contracts whose requirements are indicated below;\n\nRe-Roofing Of Podoe E. P. Basic School At Podoe', '5000.00', 'Tender Security - 2% of Tender Price', '2019-06-24', 'GH', NULL, '2019-03-18 20:04:32', '2019-03-18 20:04:32'),
(9, 3, 'Supply of Laboratory Environment Monitoring Device through Framework Contracting', 'The Food and Drugs Authority invites sealed Tenders from eligible registered suppliers for the supply of Laboratory Environmental Monitoring Devices through Framework Contracting as per requirements below;\n\n1. Datalogger - Qty 22\n2. Thermohygrometer - Qty 30\n3. Thermometer - Qty 9', '0.00', 'Tender Security : 2% of Tender Price', '2019-05-25', 'GH', NULL, '2019-03-18 20:07:16', '2019-03-18 20:07:16'),
(10, 3, 'Provision of cleaning services', 'NATIONAL COMPETITIVE TENDERING\nFOR THE PROVISION OF CLEANING SERVICES, WASTE COLLECTION SERVICES, WEED CONTROL SERVICES AND DISLODGING OF SEPTIC TANKS AT THE HOSPITAL PREMISES AND SOME SELECTED STAFF RESIDENCES\n\nCLEANING SERVICES CONTRACT PACKAGE NUMBER: AR/KATH/NCT/GS/002/001/19\n\nWASTE COLLECTION SERVICES CONTRACT PACKAGE NUMBER: AR/KATH/NCT/GS/001/001/19\n\nWEED CONTROL SERVICES CONTRACT PACKAGE NUMBER: AR/KATH/NCT/GS/015/001/19\n\nDISLODGING OF SEPTIC TANKS CONTRACT PACKAGE NUMBER: AR/KATH/NCT/GS/004/001/19\n\nThe Hospital Management and Tender Committee intend to apply part of its budgetary allocation to fund eligible payments under the contract for the provision of Cleaning, Waste Collection and Weed Control Services in support of quality healthcare delivery to our clients. \n\n1.	Your company/enterprise is hereby invited to participate in the tendering process by applying to the Director of Administration, KATH for a set of tender documents at a non-refundable fee of GH 300.00 for each document. \n\n2.	This invitation is open to Ghanaian Registered firms who experience in Cleaning, Waste Collection and Weed Control Services. The details of areas/locations earmarked for Cleaning Services, Waste collection, Weed control services and Dislodging of Septic Tanks are indicated in the Tender Document. \n\n3.	The Cleaning Services Include: \n\n1. Cleaning Services within the Hospital Premises\n2. Cleaning at KATH Residential Premises\n\n4.	The Waste Collection and Disposal Services Include:\n\n1. Collection and disposal of Waste from the Hospital Premises\n2. Collection and disposal of Waste from the Residential Premises\n\n5.	The Weed Control Services Include:\n\n1.	Weeding/Mowing\n2.	Slashing, Trimming and Spraying weedicides on some pavements\n\n6.	Dislodging of Septic Tanks at the Hospital and Some Selected Staff Residences.\n\n7.	Tenderers are required to submit the following Mandatory Requirements:\n\na.	Tender Form Signed\nb.	Business registration certificate and certificate to commence business issued by the Registrar-Generals department, Ghana.\nc.	The object clause authorising the firm to engage in waste collection, cleaning, weed control and dislodging services.\nd.	VAT Registration Certificate \ne.	Valid/current tax Clearance Certificate (valid up to May,2019)\nf.	Valid SSNIT Contribution Certificate (valid up to May,2019)\ng.	Valid labour certificate (valid up to May,2019)\n\n\n\n\nh.	Tender Security (2% of total price)\ni.	Evidence of Public Procurement Authority Registration\n\n8.	Interested tenderers are advised to inspect copies of the tender document at the Procurement Unit, KATH from 8:00 am to 4:00pm before the purchase of the tender document.\n\n9.	Tenderers are to submit their tenders at the Office of the Director of Administration, KATH.\n\n10.	The closing date for submission of the tender is 14th May, 2019 at 10:00am prompt. Late tenders will be rejected.\n\n11.	Tender opening will follow immediately after the closing time of submission of tenders at 10:00am at the address below:\n\nFamily Planning Conference Room\nKomfo Anokye Teaching Hospital\nKumasi\n\n12.	The contract would be governed by the Instruction to tenderers, General Conditions of Contract, and Special Conditions of Contract, Specification indicated and the Technical & Financial Proposals submitted by tenderers.\n\n13.	There will be pre-tender conference for all prospective tenderers schedule for 2nd May, 2019 at 10:00am, the venue is Family Planning Conference Room.', '100000.00', 'a.	Tender Form Signed\nb.	Business registration certificate and certificate to commence business issued by the Registrar-Generals department, Ghana.\nc.	The object clause authorising the firm to engage in waste collection, cleaning, weed control and dislodging services.\nd.	VAT Registration Certificate \ne.	Valid/current tax Clearance Certificate (valid up to May,2019)\nf.	Valid SSNIT Contribution Certificate (valid up to May,2019)\ng.	Valid labour certificate (valid up to May,2019)\n\n\n\n\nh.	Tender Security (2% of total price)\ni.	Evidence of Public Procurement Authority Registration\n\n8.	Interested tenderers are advised to inspect copies of the tender document at the Procurement Unit, KATH from 8:00 am to 4:00pm before the purchase of the tender document.\n\n9.	Tenderers are to submit their tenders at the Office of the Director of Administration, KATH.', '2019-05-08', 'GH', NULL, '2019-04-29 02:29:55', '2019-04-29 02:29:55'),
(11, 1, 'Road Construction', 'soemthing about the project', '20000.00', 'skills required', '2019-05-31', 'GH', NULL, '2019-05-07 02:47:43', '2019-05-07 02:47:43'),
(12, 1, 'Building a canteen', 'this is something about the project', '50000.00', 'this is the specifications and the skills required to do this job', '2019-05-30', 'GH', NULL, '2019-05-23 22:52:51', '2019-05-23 22:52:51'),
(13, 1, 'Building campus', 'something about the project', '80700.00', 'something about the skills', '2019-05-31', 'GH', NULL, '2019-05-25 09:32:53', '2019-05-25 09:32:53'),
(14, 1, 'Simeon Nortey', 'the project', '45000.00', 'skills required', '2019-06-11', 'GH', NULL, '2019-06-04 10:05:29', '2019-06-04 10:05:29');

-- --------------------------------------------------------

--
-- Table structure for table `project_details`
--

CREATE TABLE `project_details` (
  `id` int(10) UNSIGNED NOT NULL,
  `project_id` int(11) NOT NULL,
  `tender_type_id` int(11) NOT NULL,
  `region_id` int(11) NOT NULL,
  `agency` varchar(191) COLLATE utf8mb4_unicode_ci NOT NULL,
  `contact` text COLLATE utf8mb4_unicode_ci NOT NULL,
  `funding` varchar(191) COLLATE utf8mb4_unicode_ci DEFAULT NULL,
  `created_at` timestamp NULL DEFAULT CURRENT_TIMESTAMP,
  `updated_at` timestamp NULL DEFAULT CURRENT_TIMESTAMP
) ENGINE=InnoDB DEFAULT CHARSET=utf8mb4 COLLATE=utf8mb4_unicode_ci;

--
-- Dumping data for table `project_details`
--

INSERT INTO `project_details` (`id`, `project_id`, `tender_type_id`, `region_id`, `agency`, `contact`, `funding`, `created_at`, `updated_at`) VALUES
(1, 1, 1, 1, 'Ministry of Health and Science', 'email: smenort@gmail.com\r\nphone:0244251033', 'World Bank Trust Fund', '2019-02-17 00:00:00', '2019-02-17 00:00:00'),
(2, 2, 1, 1, 'Accra Metropolitan Assembly', '0244251033', 'World Bank', '2019-03-01 00:00:00', '2019-03-01 00:00:00'),
(4, 4, 1, 1, 'Greater Accra Regional Health Directorate', 'Ghana Health Service, Regional Health Directorate, Greater Accra Region, Accra', 'Regional Medical Stores Revolving Fund', '2019-03-18 19:54:11', '2019-03-18 19:54:11'),
(5, 5, 1, 1, 'Ministry of Sanitation and Water Resources', 'arisecharles@yahoo.com', 'GOG Consolidated Fund', '2019-03-18 19:56:52', '2019-03-18 19:56:52'),
(6, 6, 1, 1, 'Cocoa Marketing Company (GH) Ltd', 'The Managing Director Cocoa Marketing Company (Gh.) Limited P.O Box 1017 Accra, Ghana', 'Internally Generated Funds', '2019-03-18 19:59:34', '2019-03-18 19:59:34'),
(7, 7, 1, 2, 'North Tongu District Assembly', 'kingdzise72@gmail.com', 'District Development Facility', '2019-03-18 20:01:37', '2019-03-18 20:01:37'),
(8, 8, 1, 2, 'North Tongu District Assembly', 'kingdzise72@gmail.com', 'District Assembly Common Funf(DACF)', '2019-03-18 20:04:32', '2019-03-18 20:04:32'),
(9, 9, 1, 1, 'Foods and Drugs Authority', 'procurementdept2017@gmail.com', 'Internally Generated Funds', '2019-03-18 20:07:16', '2019-03-18 20:07:16'),
(10, 10, 1, 2, 'Komfo Anokye Teaching Hospital', '03220 81125, 0208888488 and 0242757247.', 'Internally Generated Funds', '2019-04-29 02:29:55', '2019-04-29 02:29:55'),
(11, 11, 1, 1, 'GIMPA', '0244251033', 'Ga South', '2019-05-07 02:47:43', '2019-05-07 02:47:43'),
(12, 12, 1, 1, 'GIMPA', 'simeonnortey@gmail.com', 'GET Fund', '2019-05-23 22:52:51', '2019-05-23 22:52:51'),
(13, 13, 1, 1, 'knust', '0244251033', 'knust', '2019-05-25 09:32:53', '2019-05-25 09:32:53'),
(14, 14, 1, 1, 'the map', 'asdf', 'asdf', '2019-06-04 10:05:29', '2019-06-04 10:05:29');

-- --------------------------------------------------------

--
-- Table structure for table `project_rules`
--

CREATE TABLE `project_rules` (
  `id` int(10) UNSIGNED NOT NULL,
  `project_id` int(11) NOT NULL,
  `rule` varchar(191) COLLATE utf8mb4_unicode_ci NOT NULL,
  `created_at` timestamp NULL DEFAULT NULL,
  `updated_at` timestamp NULL DEFAULT NULL
) ENGINE=InnoDB DEFAULT CHARSET=utf8mb4 COLLATE=utf8mb4_unicode_ci;

-- --------------------------------------------------------

--
-- Table structure for table `regions`
--

CREATE TABLE `regions` (
  `id` int(10) UNSIGNED NOT NULL,
  `name` varchar(191) COLLATE utf8mb4_unicode_ci NOT NULL,
  `created_at` timestamp NULL DEFAULT NULL,
  `updated_at` timestamp NULL DEFAULT NULL
) ENGINE=InnoDB DEFAULT CHARSET=utf8mb4 COLLATE=utf8mb4_unicode_ci;

--
-- Dumping data for table `regions`
--

INSERT INTO `regions` (`id`, `name`, `created_at`, `updated_at`) VALUES
(1, 'Greater Accra', '2019-02-17 00:00:00', '2019-02-17 00:00:00'),
(2, 'Ashanti Region', NULL, NULL);

-- --------------------------------------------------------

--
-- Table structure for table `shortlist_specifications`
--

CREATE TABLE `shortlist_specifications` (
  `id` int(10) UNSIGNED NOT NULL,
  `project_id` int(11) NOT NULL,
  `experience` int(11) DEFAULT NULL,
  `avg_budget` tinyint(1) DEFAULT NULL,
  `shuffle` tinyint(1) DEFAULT NULL,
  `created_at` timestamp NULL DEFAULT CURRENT_TIMESTAMP,
  `updated_at` timestamp NULL DEFAULT CURRENT_TIMESTAMP
) ENGINE=InnoDB DEFAULT CHARSET=utf8mb4 COLLATE=utf8mb4_unicode_ci;

--
-- Dumping data for table `shortlist_specifications`
--

INSERT INTO `shortlist_specifications` (`id`, `project_id`, `experience`, `avg_budget`, `shuffle`, `created_at`, `updated_at`) VALUES
(1, 13, 10, 1, 1, '2019-05-25 09:32:53', '2019-05-25 09:32:53'),
(2, 2, 10, 1, 0, '2019-05-26 00:41:43', '2019-05-26 00:41:43'),
(3, 1, 3, 1, 0, '2019-05-27 10:34:37', '2019-05-27 10:34:37'),
(4, 3, 2, 1, 1, '2019-05-27 10:34:37', '2019-05-27 10:34:37'),
(5, 4, 3, 0, 0, '2019-05-27 10:35:20', '2019-05-27 10:35:20'),
(6, 5, 3, 1, 1, '2019-05-27 10:35:53', '2019-05-27 10:35:53'),
(7, 6, 3, 1, 1, '2019-05-27 10:35:53', '2019-05-27 10:35:53'),
(8, 12, 3, 1, 1, '2019-05-27 10:36:36', '2019-05-27 10:36:36'),
(9, 11, 2, 1, 1, '2019-05-27 10:36:36', '2019-05-27 10:36:36'),
(10, 7, 3, 1, 1, '2019-05-27 10:37:42', '2019-05-27 10:37:42'),
(11, 8, 2, 1, 1, '2019-05-27 10:37:42', '2019-05-27 10:37:42'),
(12, 9, 3, 1, 1, '2019-05-27 10:38:04', '2019-05-27 10:38:04'),
(13, 10, 5, 1, 1, '2019-05-27 10:38:04', '2019-05-27 10:38:04'),
(14, 14, 10, 1, 1, '2019-06-04 10:05:29', '2019-06-04 10:05:29');

-- --------------------------------------------------------

--
-- Table structure for table `tender_processes`
--

CREATE TABLE `tender_processes` (
  `id` int(10) UNSIGNED NOT NULL,
  `project_id` int(11) NOT NULL,
  `created_at` timestamp NULL DEFAULT NULL,
  `updated_at` timestamp NULL DEFAULT NULL
) ENGINE=InnoDB DEFAULT CHARSET=utf8mb4 COLLATE=utf8mb4_unicode_ci;

-- --------------------------------------------------------

--
-- Table structure for table `tender_types`
--

CREATE TABLE `tender_types` (
  `id` int(10) UNSIGNED NOT NULL,
  `name` varchar(191) COLLATE utf8mb4_unicode_ci NOT NULL,
  `created_at` timestamp NULL DEFAULT NULL,
  `updated_at` timestamp NULL DEFAULT NULL
) ENGINE=InnoDB DEFAULT CHARSET=utf8mb4 COLLATE=utf8mb4_unicode_ci;

--
-- Dumping data for table `tender_types`
--

INSERT INTO `tender_types` (`id`, `name`, `created_at`, `updated_at`) VALUES
(1, 'NCT', '2019-02-17 00:00:00', '2019-02-17 00:00:00'),
(2, 'ICT', '2019-02-17 00:00:00', '2019-02-17 00:00:00');

-- --------------------------------------------------------

--
-- Table structure for table `users`
--

CREATE TABLE `users` (
  `id` int(10) UNSIGNED NOT NULL,
  `name` varchar(191) COLLATE utf8mb4_unicode_ci NOT NULL,
  `email` varchar(191) COLLATE utf8mb4_unicode_ci NOT NULL,
  `password` varchar(191) COLLATE utf8mb4_unicode_ci NOT NULL,
  `remember_token` varchar(100) COLLATE utf8mb4_unicode_ci DEFAULT NULL,
  `created_at` timestamp NULL DEFAULT NULL,
  `updated_at` timestamp NULL DEFAULT NULL,
  `isAdmin` tinyint(1) DEFAULT NULL,
  `status` tinyint(1) NOT NULL
) ENGINE=InnoDB DEFAULT CHARSET=utf8mb4 COLLATE=utf8mb4_unicode_ci;

--
-- Dumping data for table `users`
--

INSERT INTO `users` (`id`, `name`, `email`, `password`, `remember_token`, `created_at`, `updated_at`, `isAdmin`, `status`) VALUES
(1, 'Simeon Nortey', 'simeonnortey@gmail.com', '$2y$10$EDGJtMZAi8JG4f504NI.VOILhnw7vbnd7UKhdbBbZP3dkaItRWB8i', NULL, '2018-12-22 00:00:00', '2018-12-22 00:00:00', 1, 1),
(2, 'Micheal Peterson', 'michealpeterson@gmail.com', '$2y$10$EDGJtMZAi8JG4f504NI.VOILhnw7vbnd7UKhdbBbZP3dkaItRWB8i', NULL, NULL, NULL, 0, 1),
(4, 'Jason Boateng', 'jasonboateng@gmail.com', '$2y$10$k5KwHmB186r4bjEKnjid9eBxi33WMBgzALqCcVUwGo4ZBss94ZsW6', NULL, '2019-05-25 01:43:13', '2019-05-25 01:43:13', 0, 0),
(9, 'Bossman Cleff', 'jasonmanbi@gmail.com', '$2y$10$MW.GtUW6alQKLuyBtIm9MOjdNo9l093MtOJQRXP.ziww3OM8BPaXa', NULL, '2019-05-25 02:20:55', '2019-05-25 02:20:55', 0, 0),
(10, 'Jeff Bezos', 'jasanbi@gmail.com', '$2y$10$eqOpfHbnLE3/fOMsnClX.eZNea0crS1.JrfkJUtLjTeP.abZStfIa', NULL, '2019-05-25 02:27:08', '2019-05-25 02:27:08', 0, 0),
(11, 'Lionel Smith', 'jasonojuhmanbi@gmail.com', '$2y$10$uNHsY6kS6P2OOWaVCnYiTu1jGWh4/m3UyMjkoQH6jtnY8MJdNtdF.', NULL, '2019-05-25 02:29:48', '2019-05-25 02:29:48', 0, 0),
(12, 'Paul Tamatey', 'jeffreynortey@gmail.com', '$2y$10$EDGJtMZAi8JG4f504NI.VOILhnw7vbnd7UKhdbBbZP3dkaItRWB8i', NULL, '2019-05-25 02:34:36', '2019-05-25 02:34:36', 0, 0),
(13, 'Mike May', 'ja@gmail.com', '$2y$10$jOGcBh9VTnT0WHIPJ.cQA.4H4zNZOoqmuyc35pG.UuNrhMTRS9MZy', NULL, '2019-05-25 02:48:48', '2019-05-25 02:48:48', 0, 0),
(14, 'Chloe Sanders', 'jassonmanbi@gmail.com', '$2y$10$O1oYN9rpLxeWQudUmNv6uOOY4yHXlu7u6hhYZpM0WxXGlL/QnMkK2', NULL, '2019-05-25 02:51:27', '2019-05-25 02:51:27', 0, 0),
(15, 'Manamkin Wood', 'Sim@gmail.com', '$2y$10$XqXeLiEjqVuHHo/ddk9DueB0s6u.VBlmHQ0m9oNFWgV.f7C3f4mCC', NULL, '2019-05-27 10:30:09', '2019-05-27 10:30:09', 0, 0),
(16, 'Rachel Amankwah', 'modariches@gmail.com', '$2y$10$TqA2JHS4O2JgVPXOL8.A9ebK3S13ZPa173YxWr0SE6DCNepmZOT/2', NULL, '2019-05-27 22:03:25', '2019-05-27 22:03:25', 0, 0);

-- --------------------------------------------------------

--
-- Table structure for table `user_bids`
--

CREATE TABLE `user_bids` (
  `id` int(10) UNSIGNED NOT NULL,
  `user_id` int(10) NOT NULL,
  `project_id` int(11) NOT NULL,
  `experience` int(10) DEFAULT NULL,
  `price` decimal(16,2) DEFAULT NULL,
  `vat` varchar(191) COLLATE utf8mb4_unicode_ci DEFAULT NULL,
  `tax` varchar(191) COLLATE utf8mb4_unicode_ci DEFAULT NULL,
  `business` varchar(191) COLLATE utf8mb4_unicode_ci DEFAULT NULL,
  `status` tinyint(1) NOT NULL,
  `created_at` timestamp NULL DEFAULT NULL,
  `updated_at` timestamp NULL DEFAULT NULL,
  `cv` varchar(191) COLLATE utf8mb4_unicode_ci DEFAULT NULL
) ENGINE=InnoDB DEFAULT CHARSET=utf8mb4 COLLATE=utf8mb4_unicode_ci;

--
-- Dumping data for table `user_bids`
--

INSERT INTO `user_bids` (`id`, `user_id`, `project_id`, `experience`, `price`, `vat`, `tax`, `business`, `status`, `created_at`, `updated_at`, `cv`) VALUES
(1, 1, 13, 12, '12.00', '1555953343.jpg', '1555953343.jpg', '1555953343.jpg', 0, '2019-04-22 17:15:43', '2019-04-22 17:15:43', NULL),
(2, 2, 1, 22, '220000.00', '1556836350.jpg', '1556836350.png', '1556836350.png', 1, '2019-05-02 22:32:30', '2019-05-24 05:02:12', '1558650550.docx'),
(3, 1, 1, 22, '22.00', '1556836527.jpg', '1556836527.png', '1556836527.png', 1, '2019-05-02 22:35:27', '2019-05-24 05:04:40', NULL),
(4, 1, 2, 22, '20000.00', '1557200244.png', '1557200244.png', '1557200244.png', 1, '2019-05-07 03:37:24', '2019-05-27 11:12:32', NULL),
(5, 1, 9, 24, '5678.00', '1557200314.png', '1557200314.png', '1557200314.png', 1, '2019-05-07 03:38:34', '2019-05-25 10:44:04', NULL),
(6, 1, 6, 22, '3456.00', '1557201780.png', '1557201780.png', '1557201780.png', 0, '2019-05-07 04:03:00', '2019-05-07 04:03:00', '1557201780.docx'),
(7, 1, 11, 22, '15000.00', '1558650550.jpg', '1558650550.jpg', '1558650550.jpg', 0, '2019-05-23 22:29:10', '2019-05-23 22:29:10', '1558650550.docx'),
(8, 2, 11, 10, '200000.00', 'unknown', 'unk', 'asd', 1, '2019-05-25 00:00:00', '2019-05-25 00:00:00', 'unk'),
(9, 14, 10, 22, '20000.00', '1558821277.png', '1558821277.png', '1558821277.png', 0, '2019-05-25 21:54:37', '2019-05-25 21:54:37', '1558821277.docx'),
(10, 2, 2, 15, '25000.00', NULL, NULL, NULL, 1, '2019-05-26 00:20:22', '2019-05-26 00:20:22', NULL),
(11, 4, 2, 5, '30000.00', NULL, NULL, NULL, 0, NULL, NULL, NULL),
(12, 9, 2, 2, '5.00', NULL, NULL, NULL, 0, '2019-05-26 00:22:17', '2019-05-26 00:22:17', NULL),
(13, 10, 2, 20, '50000.00', NULL, NULL, NULL, 1, '2019-05-26 00:22:47', '2019-05-28 00:17:57', NULL),
(14, 13, 2, 10, '100.00', NULL, NULL, NULL, 3, NULL, '2019-05-26 02:01:26', NULL),
(15, 14, 2, 1, '100.00', NULL, NULL, NULL, 1, NULL, '2019-05-26 02:05:26', NULL),
(16, 1, 8, 10, '200000.00', '1558955282.png', '1558955282.png', '1558955282.png', 0, '2019-05-27 11:08:02', '2019-05-27 11:08:02', '1558955282.docx'),
(17, 16, 1, 10, '3000.00', '1558995055.png', '1558995055.png', '1558995055.png', 0, '2019-05-27 22:10:55', '2019-05-27 22:10:55', '1558995055.docx'),
(18, 1, 10, 10, '10000.00', '1559002317.png', '1559002317.png', '1559002317.png', 0, '2019-05-28 00:11:57', '2019-05-28 00:11:57', '1559002317.docx'),
(19, 1, 12, 22, '500.00', '1559005849.jpg', '1559005849.jpg', '1559005849.jpg', 0, '2019-05-28 01:10:49', '2019-05-28 01:10:49', '1559005849.pdf');

-- --------------------------------------------------------

--
-- Table structure for table `user_details`
--

CREATE TABLE `user_details` (
  `id` int(10) UNSIGNED NOT NULL,
  `user_id` int(11) NOT NULL,
  `company_name` varchar(191) COLLATE utf8mb4_unicode_ci NOT NULL,
  `industry` varchar(191) COLLATE utf8mb4_unicode_ci NOT NULL,
  `country` varchar(191) COLLATE utf8mb4_unicode_ci NOT NULL,
  `phone` varchar(191) COLLATE utf8mb4_unicode_ci NOT NULL,
  `created_at` timestamp NULL DEFAULT NULL,
  `updated_at` timestamp NULL DEFAULT NULL
) ENGINE=InnoDB DEFAULT CHARSET=utf8mb4 COLLATE=utf8mb4_unicode_ci;

--
-- Dumping data for table `user_details`
--

INSERT INTO `user_details` (`id`, `user_id`, `company_name`, `industry`, `country`, `phone`, `created_at`, `updated_at`) VALUES
(1, 1, 'Nexmo ', 'goods and services', 'Ghana', '0268738983', '2019-05-24 04:25:56', '2019-05-24 04:25:56'),
(2, 2, 'ElinixSolutions', 'IT', 'Ghana', '0248574526', '2019-05-24 04:25:56', '2019-05-24 04:25:56'),
(3, 4, 'Martins Company', 'industry', 'Ghana', '0248574526', '2019-05-25 01:43:13', '2019-05-25 01:43:13'),
(8, 9, 'manbi', 'IT', 'Ghana', '0244251033', '2019-05-25 02:20:55', '2019-05-25 02:20:55'),
(9, 10, 'manbi', 'IT', 'Ghana', '0244251033', '2019-05-25 02:27:08', '2019-05-25 02:27:08'),
(10, 11, 'manbi', 'IT', 'Ghana', '0244251033', '2019-05-25 02:29:48', '2019-05-25 02:29:48'),
(11, 12, 'manbi', 'IT', 'Ghana', '0244251033', '2019-05-25 02:34:36', '2019-05-25 02:34:36'),
(12, 13, 'manbi', 'IT', 'Ghana', '0244251033', '2019-05-25 02:48:48', '2019-05-25 02:48:48'),
(13, 14, 'manbi', 'IT', 'Ghana', '0244251033', '2019-05-25 02:51:27', '2019-05-25 02:51:27'),
(14, 15, 'Bausncompany', 'IT', 'Ghana', '0244251033', '2019-05-27 10:30:09', '2019-05-27 10:30:09'),
(15, 16, 'RAMA Consult', 'IT', 'Ghana', '0501347209', '2019-05-27 22:03:25', '2019-05-27 22:03:25');

--
-- Indexes for dumped tables
--

--
-- Indexes for table `categories`
--
ALTER TABLE `categories`
  ADD PRIMARY KEY (`id`),
  ADD KEY `id` (`id`);

--
-- Indexes for table `exponent_push_notification_interests`
--
ALTER TABLE `exponent_push_notification_interests`
  ADD UNIQUE KEY `exponent_push_notification_interests_key_value_unique` (`key`,`value`),
  ADD KEY `exponent_push_notification_interests_key_index` (`key`);

--
-- Indexes for table `migrations`
--
ALTER TABLE `migrations`
  ADD PRIMARY KEY (`id`);

--
-- Indexes for table `oauth_access_tokens`
--
ALTER TABLE `oauth_access_tokens`
  ADD PRIMARY KEY (`id`),
  ADD KEY `oauth_access_tokens_user_id_index` (`user_id`);

--
-- Indexes for table `oauth_auth_codes`
--
ALTER TABLE `oauth_auth_codes`
  ADD PRIMARY KEY (`id`);

--
-- Indexes for table `oauth_clients`
--
ALTER TABLE `oauth_clients`
  ADD PRIMARY KEY (`id`),
  ADD KEY `oauth_clients_user_id_index` (`user_id`);

--
-- Indexes for table `oauth_personal_access_clients`
--
ALTER TABLE `oauth_personal_access_clients`
  ADD PRIMARY KEY (`id`),
  ADD KEY `oauth_personal_access_clients_client_id_index` (`client_id`);

--
-- Indexes for table `oauth_refresh_tokens`
--
ALTER TABLE `oauth_refresh_tokens`
  ADD PRIMARY KEY (`id`),
  ADD KEY `oauth_refresh_tokens_access_token_id_index` (`access_token_id`);

--
-- Indexes for table `password_resets`
--
ALTER TABLE `password_resets`
  ADD KEY `password_resets_email_index` (`email`);

--
-- Indexes for table `projects`
--
ALTER TABLE `projects`
  ADD PRIMARY KEY (`id`),
  ADD KEY `category_id` (`category_id`);

--
-- Indexes for table `project_details`
--
ALTER TABLE `project_details`
  ADD PRIMARY KEY (`id`);

--
-- Indexes for table `project_rules`
--
ALTER TABLE `project_rules`
  ADD PRIMARY KEY (`id`);

--
-- Indexes for table `regions`
--
ALTER TABLE `regions`
  ADD PRIMARY KEY (`id`);

--
-- Indexes for table `shortlist_specifications`
--
ALTER TABLE `shortlist_specifications`
  ADD PRIMARY KEY (`id`);

--
-- Indexes for table `tender_processes`
--
ALTER TABLE `tender_processes`
  ADD PRIMARY KEY (`id`);

--
-- Indexes for table `tender_types`
--
ALTER TABLE `tender_types`
  ADD PRIMARY KEY (`id`);

--
-- Indexes for table `users`
--
ALTER TABLE `users`
  ADD PRIMARY KEY (`id`),
  ADD UNIQUE KEY `users_email_unique` (`email`),
  ADD KEY `id` (`id`);

--
-- Indexes for table `user_bids`
--
ALTER TABLE `user_bids`
  ADD PRIMARY KEY (`id`),
  ADD KEY `user_id` (`user_id`);

--
-- Indexes for table `user_details`
--
ALTER TABLE `user_details`
  ADD PRIMARY KEY (`id`);

--
-- AUTO_INCREMENT for dumped tables
--

--
-- AUTO_INCREMENT for table `categories`
--
ALTER TABLE `categories`
  MODIFY `id` int(10) UNSIGNED NOT NULL AUTO_INCREMENT, AUTO_INCREMENT=4;
--
-- AUTO_INCREMENT for table `migrations`
--
ALTER TABLE `migrations`
  MODIFY `id` int(10) UNSIGNED NOT NULL AUTO_INCREMENT, AUTO_INCREMENT=21;
--
-- AUTO_INCREMENT for table `oauth_clients`
--
ALTER TABLE `oauth_clients`
  MODIFY `id` int(10) UNSIGNED NOT NULL AUTO_INCREMENT, AUTO_INCREMENT=3;
--
-- AUTO_INCREMENT for table `oauth_personal_access_clients`
--
ALTER TABLE `oauth_personal_access_clients`
  MODIFY `id` int(10) UNSIGNED NOT NULL AUTO_INCREMENT, AUTO_INCREMENT=2;
--
-- AUTO_INCREMENT for table `projects`
--
ALTER TABLE `projects`
  MODIFY `id` int(10) UNSIGNED NOT NULL AUTO_INCREMENT, AUTO_INCREMENT=15;
--
-- AUTO_INCREMENT for table `project_details`
--
ALTER TABLE `project_details`
  MODIFY `id` int(10) UNSIGNED NOT NULL AUTO_INCREMENT, AUTO_INCREMENT=15;
--
-- AUTO_INCREMENT for table `project_rules`
--
ALTER TABLE `project_rules`
  MODIFY `id` int(10) UNSIGNED NOT NULL AUTO_INCREMENT;
--
-- AUTO_INCREMENT for table `regions`
--
ALTER TABLE `regions`
  MODIFY `id` int(10) UNSIGNED NOT NULL AUTO_INCREMENT, AUTO_INCREMENT=3;
--
-- AUTO_INCREMENT for table `shortlist_specifications`
--
ALTER TABLE `shortlist_specifications`
  MODIFY `id` int(10) UNSIGNED NOT NULL AUTO_INCREMENT, AUTO_INCREMENT=15;
--
-- AUTO_INCREMENT for table `tender_processes`
--
ALTER TABLE `tender_processes`
  MODIFY `id` int(10) UNSIGNED NOT NULL AUTO_INCREMENT;
--
-- AUTO_INCREMENT for table `tender_types`
--
ALTER TABLE `tender_types`
  MODIFY `id` int(10) UNSIGNED NOT NULL AUTO_INCREMENT, AUTO_INCREMENT=3;
--
-- AUTO_INCREMENT for table `users`
--
ALTER TABLE `users`
  MODIFY `id` int(10) UNSIGNED NOT NULL AUTO_INCREMENT, AUTO_INCREMENT=17;
--
-- AUTO_INCREMENT for table `user_bids`
--
ALTER TABLE `user_bids`
  MODIFY `id` int(10) UNSIGNED NOT NULL AUTO_INCREMENT, AUTO_INCREMENT=20;
--
-- AUTO_INCREMENT for table `user_details`
--
ALTER TABLE `user_details`
  MODIFY `id` int(10) UNSIGNED NOT NULL AUTO_INCREMENT, AUTO_INCREMENT=16;
/*!40101 SET CHARACTER_SET_CLIENT=@OLD_CHARACTER_SET_CLIENT */;
/*!40101 SET CHARACTER_SET_RESULTS=@OLD_CHARACTER_SET_RESULTS */;
/*!40101 SET COLLATION_CONNECTION=@OLD_COLLATION_CONNECTION */;
